PLAYER,TEAM_pie,AGE_pie,GP_pie,W_pie,L,MIN,OFFRTG,DEFRTG,NETRTG,AST%,AST/TO,AST RATIO,OREB%,DREB%,REB%,TO RATIO,EFG%,TS%,USG%,PACE_pie,PIE_pie,Unnamed: 0,Rk,POSITION,AGE_sal,MP,FG,FGA,FG%,3P,3PA,3P%,2P,2PA,2P%,eFG%,FT,FTA,FT%,ORB,DRB,TRB,AST,STL,BLK,TOV,PF,POINTS,TEAM_sal,GP_sal,MPG,ORPM,DRPM,RPM,WINS_RPM,PIE_sal,PACE_sal,W_sal,SALARY_MILLIONS,PAGEVIEWS,TWITTER_FAVORITE_COUNT,TWITTER_RETWEET_COUNT
Russell Westbrook,OKC,28,81,46,35,34.6,107.9,104.6,3.3,54.3,1.92,23.4,5.3,27.9,16.7,12.2,47.6,55.4,40.8,102.31,23.0,0,1,PG,28,34.6,10.2,24.0,0.425,2.5,7.2,0.3429999999999999,7.7,16.8,0.4589999999999999,0.476,8.8,10.4,0.845,1.7,9.0,10.7,10.4,1.6,0.4,5.4,2.3,31.6,OKC,81,34.6,6.74,-0.47,6.27,17.34,23.0,102.31,46,26.5,4279.0,2130.5,559.0
Anthony Davis,NOP,24,75,31,44,36.1,104.2,102.5,1.7,11.0,0.87,7.3,6.7,26.9,17.0,8.4,51.8,58.0,32.6,100.19,19.2,2,4,C,23,36.1,10.3,20.3,0.505,0.5,1.8,0.299,9.7,18.6,0.524,0.518,6.9,8.6,0.802,2.3,9.5,11.8,2.1,1.3,2.2,2.4,2.2,28.0,NO,75,36.1,0.45,3.9,4.35,12.81,19.2,100.19,31,22.12,82.5,368.0,104.0
James Harden,HOU,27,81,54,27,36.4,113.6,107.3,6.3,50.5,1.95,27.6,3.5,21.2,12.3,14.1,52.5,61.3,34.1,102.98,19.0,1,2,PG,27,36.4,8.3,18.9,0.44,3.2,9.3,0.347,5.1,9.6,0.53,0.525,9.2,10.9,0.847,1.2,7.0,8.1,11.2,1.5,0.5,5.7,2.7,29.1,HOU,81,36.4,6.38,-1.57,4.81,15.54,19.0,102.98,54,26.5,3279.0,969.0,321.5
Kevin Durant,GSW,28,62,51,11,33.4,117.2,101.3,16.0,21.8,2.17,18.4,2.3,23.2,13.7,8.5,59.4,65.1,27.6,103.71,18.6,9,12,SF,28,33.4,8.9,16.5,0.537,1.9,5.0,0.375,7.0,11.5,0.608,0.594,5.4,6.2,0.875,0.6,7.6,8.3,4.8,1.1,1.6,2.2,1.9,25.1,GS,62,33.4,4.41,1.33,5.74,12.24,18.6,103.71,51,26.5,6288.5,1425.5,366.0
LeBron James,CLE,32,74,51,23,37.8,114.9,107.1,7.7,38.8,2.13,25.6,4.0,20.9,12.7,12.0,59.4,61.9,29.7,98.38,18.3,5,8,SF,32,37.8,9.9,18.2,0.5479999999999999,1.7,4.6,0.363,8.3,13.5,0.611,0.594,4.8,7.2,0.674,1.3,7.3,8.6,8.7,1.2,0.6,4.1,1.8,26.4,CLE,74,37.8,6.49,1.93,8.42,20.43,18.3,98.38,51,30.96,14704.0,5533.5,1501.5
Chris Paul,LAC,32,61,43,18,31.5,116.2,101.3,14.9,44.4,3.83,35.0,2.5,14.9,8.9,9.1,55.5,61.4,24.3,98.19,18.2,33,42,PG,31,31.5,6.1,12.9,0.476,2.0,5.0,0.411,4.1,7.9,0.518,0.555,3.8,4.3,0.892,0.7,4.3,5.0,9.2,2.0,0.1,2.4,2.4,18.1,LAC,61,31.5,5.16,2.76,7.92,13.48,18.2,98.19,43,22.87,2689.5,829.0,178.5
DeMarcus Cousins,NOP,26,72,30,42,34.2,106.7,109.0,-2.2,26.2,1.23,14.3,7.2,30.5,18.8,11.6,49.8,56.2,36.4,97.11,17.8,3,6,C,26,34.2,9.0,19.9,0.452,1.8,5.0,0.361,7.2,14.8,0.483,0.498,7.2,9.3,0.772,2.1,8.9,11.0,4.6,1.4,1.3,3.7,3.9,27.0,NO/SAC,72,34.2,3.56,0.64,4.2,11.26,17.8,97.11,30,16.96,1625.5,102.0,91.5
Kawhi Leonard,SAS,26,74,54,20,33.4,112.6,104.0,8.6,18.2,1.69,13.3,3.8,16.0,10.0,7.9,54.1,61.0,31.2,95.79,17.4,6,9,SF,25,33.4,8.6,17.7,0.485,2.0,5.2,0.38,6.6,12.5,0.529,0.541,6.3,7.2,0.88,1.1,4.7,5.8,3.5,1.8,0.7,2.1,1.6,25.5,SA,74,33.4,5.83,1.25,7.08,15.53,17.4,95.79,54,17.64,2446.5,2701.5,716.5
Joel Embiid,PHI,23,31,13,18,25.4,102.4,99.1,3.2,17.4,0.56,9.2,9.2,24.7,17.3,16.3,50.8,58.4,36.3,100.25,17.4,25,32,C,22,25.4,6.5,13.8,0.466,1.2,3.2,0.367,5.3,10.7,0.495,0.508,6.2,7.9,0.7829999999999999,2.0,5.9,7.8,2.1,0.9,2.5,3.8,3.6,20.2,PHI,31,25.4,-0.57,2.27,1.7,2.46,17.4,100.25,13,4.83,1075.5,6852.5,2941.0
Karl-Anthony Towns,MIN,21,82,31,51,37.0,109.9,110.8,-0.9,12.7,1.04,10.5,11.4,27.7,19.5,10.1,57.6,61.8,27.4,97.1,17.1,10,13,C,21,37.0,9.8,18.0,0.542,1.2,3.4,0.367,8.5,14.7,0.5820000000000001,0.5760000000000001,4.3,5.2,0.8320000000000001,3.6,8.7,12.3,2.7,0.7,1.3,2.6,2.9,25.1,MIN,82,37.0,3.54,-1.41,2.13,10.0,17.1,97.1,31,5.96,2046.5,0.0,105.0
Nikola Jokic,DEN,22,73,37,36,27.9,114.9,109.8,5.1,26.6,2.1,24.2,11.9,27.2,19.7,11.5,60.5,64.0,23.4,100.76,16.7,40,51,C,21,27.9,6.8,11.7,0.578,0.6,1.9,0.324,6.2,9.8,0.628,0.605,2.6,3.1,0.825,2.9,6.9,9.8,4.9,0.8,0.8,2.3,2.9,16.7,DEN,73,27.9,4.44,2.29,6.73,13.18,16.7,100.76,37,1.36,8.0,0.0,1.0
Jimmy Butler,CHI,27,76,40,36,37.0,106.4,103.4,3.0,24.3,2.62,19.6,5.0,13.1,9.0,7.5,49.2,58.6,26.5,97.78,16.4,11,14,SF,27,37.0,7.5,16.5,0.455,1.2,3.3,0.367,6.3,13.2,0.477,0.492,7.7,8.9,0.865,1.7,4.5,6.2,5.5,1.9,0.4,2.1,1.5,23.9,CHI,76,37.0,4.82,1.8,6.62,17.35,16.4,97.78,40,17.55,41.0,89.5,30.0
Rudy Gobert,UTA,25,81,51,30,33.9,108.7,100.6,8.1,5.7,0.66,9.0,13.8,28.8,21.7,13.6,66.1,68.1,16.7,93.11,16.1,59,77,C,24,33.9,5.1,7.7,0.6609999999999999,0.0,0.0,0.0,5.1,7.7,0.662,0.6609999999999999,3.8,5.9,0.653,3.9,8.9,12.8,1.2,0.6,2.6,1.8,3.0,14.0,UTAH,81,33.9,0.35,6.02,6.37,15.55,16.1,93.11,51,2.12,368.5,731.0,225.5
Mike Conley,MEM,29,69,35,34,33.2,108.6,105.5,3.1,32.9,2.78,24.6,1.5,10.8,6.1,8.9,54.5,60.4,26.3,94.64,16.0,23,29,PG,29,33.2,6.7,14.6,0.46,2.5,6.1,0.408,4.2,8.6,0.497,0.545,4.6,5.3,0.8590000000000001,0.4,3.0,3.5,6.3,1.3,0.3,2.3,1.8,20.5,MEM,69,33.2,4.67,-0.2,4.47,10.5,16.0,94.64,35,26.54,11.0,257.5,90.0
Damian Lillard,POR,26,75,38,37,35.9,110.1,108.9,1.2,27.7,2.23,18.6,1.8,13.4,7.5,8.3,51.6,58.6,30.9,99.68,15.9,4,7,PG,26,35.9,8.8,19.8,0.444,2.9,7.7,0.37,6.0,12.1,0.492,0.516,6.5,7.3,0.895,0.6,4.3,4.9,5.9,0.9,0.3,2.6,2.0,27.0,POR,75,35.9,4.63,-1.49,3.14,10.72,15.9,99.68,38,24.33,1830.5,186.5,43.0
Gordon Hayward,UTA,27,73,46,27,34.5,109.5,102.4,7.1,17.9,1.8,14.5,2.3,15.2,9.0,8.1,53.6,59.5,27.6,93.44,15.8,20,26,SF,26,34.5,7.5,15.8,0.471,2.0,5.1,0.3979999999999999,5.4,10.7,0.506,0.536,5.0,5.9,0.8440000000000001,0.7,4.7,5.4,3.5,1.0,0.3,1.9,1.6,21.9,UTAH,73,34.5,3.14,-0.08,3.06,9.45,15.8,93.44,46,16.07,689.0,319.0,50.5
Enes Kanter,OKC,25,72,43,29,21.3,107.8,107.9,-0.1,7.8,0.54,6.4,14.7,21.0,17.9,11.7,54.9,59.9,27.5,99.17,15.4,56,73,C,24,21.3,5.6,10.2,0.545,0.1,0.5,0.132,5.5,9.7,0.568,0.5489999999999999,3.1,4.0,0.7859999999999999,2.7,4.0,6.7,0.9,0.4,0.5,1.7,2.1,14.3,OKC,72,21.3,0.56,-1.24,-0.68,2.4,15.4,99.17,43,17.15,713.0,147.0,195.0
John Wall,WAS,26,78,48,30,36.4,111.2,107.3,3.9,45.0,2.58,29.5,2.3,10.5,6.4,11.4,48.2,54.1,30.2,101.07,15.3,16,19,PG,26,36.4,8.3,18.4,0.451,1.1,3.5,0.327,7.2,14.9,0.48,0.482,5.4,6.8,0.8009999999999999,0.8,3.4,4.2,10.7,2.0,0.6,4.1,1.9,23.1,WSH,78,36.4,3.52,-1.26,2.26,9.9,15.3,101.07,48,16.96,57.0,0.0,77.0
Blake Griffin,LAC,28,61,40,21,34.0,115.2,104.6,10.6,23.5,2.11,18.8,6.4,20.4,13.7,8.9,51.3,56.9,27.8,98.71,15.2,21,27,PF,27,34.0,7.9,15.9,0.493,0.6,1.9,0.336,7.2,14.1,0.514,0.513,5.2,6.9,0.76,1.8,6.3,8.1,4.9,0.9,0.4,2.3,2.6,21.6,LAC,61,34.0,3.02,0.76,3.78,9.2,15.2,98.71,40,20.14,2257.0,269.0,98.5
Zach Randolph,MEM,35,73,38,35,24.5,104.1,105.2,-1.1,13.1,1.23,9.6,11.3,28.0,19.3,7.8,46.0,49.0,28.5,94.36,15.2,58,76,PF,35,24.5,5.9,13.2,0.449,0.3,1.3,0.223,5.6,11.9,0.474,0.46,1.9,2.6,0.731,2.5,5.7,8.2,1.7,0.5,0.1,1.4,1.9,14.1,MEM,73,24.5,-0.37,-1.05,-1.42,1.83,15.2,94.36,38,10.36,528.5,47.0,18.5
Dwight Howard,ATL,31,74,37,37,29.7,101.1,103.1,-2.0,7.6,0.61,9.7,15.3,31.0,23.4,15.8,63.3,62.7,19.1,99.8,15.1,67,88,C,31,29.7,5.2,8.3,0.633,0.0,0.0,0.0,5.2,8.3,0.635,0.633,3.1,5.7,0.5329999999999999,4.0,8.7,12.7,1.4,0.9,1.2,2.3,2.7,13.5,ATL,74,29.7,-1.7,2.6,0.9,5.65,15.1,99.8,37,23.18,2558.5,7.0,1.0
Stephen Curry,GSW,29,79,65,14,33.4,118.1,100.9,17.2,28.7,2.19,22.2,2.7,11.3,7.3,10.1,58.0,62.4,29.2,105.08,15.1,7,10,PG,28,33.4,8.5,18.3,0.4679999999999999,4.1,10.0,0.411,4.4,8.3,0.537,0.58,4.1,4.6,0.898,0.8,3.7,4.5,6.6,1.8,0.2,3.0,2.3,25.3,GS,79,33.4,7.27,0.14,7.41,18.8,15.1,105.08,65,12.11,17570.5,12278.0,2893.0
Marc Gasol,MEM,32,74,40,34,34.2,106.5,105.1,1.4,24.6,2.04,18.7,2.7,19.0,10.6,9.2,50.3,55.4,26.7,94.43,15.1,27,34,C,32,34.2,7.2,15.7,0.4589999999999999,1.4,3.6,0.3879999999999999,5.8,12.1,0.48,0.503,3.8,4.5,0.8370000000000001,0.8,5.5,6.3,4.6,0.9,1.3,2.2,2.3,19.5,MEM,74,34.2,1.86,0.72,2.58,8.69,15.1,94.43,40,21.17,825.0,0.0,75.5
Kevin Love,CLE,28,60,40,20,31.4,113.2,106.0,7.2,9.3,0.95,9.4,8.7,29.5,19.3,9.9,51.0,57.3,25.5,99.66,14.8,28,36,PF,28,31.4,6.2,14.5,0.427,2.4,6.5,0.373,3.8,8.0,0.471,0.51,4.3,4.9,0.871,2.5,8.6,11.1,1.9,0.9,0.4,2.0,2.1,19.0,CLE,60,31.4,2.77,2.26,5.03,9.76,14.8,99.66,40,21.17,2013.5,866.5,194.5
Pau Gasol,SAS,36,64,47,17,25.4,110.7,104.0,6.8,14.3,1.85,16.4,7.7,27.1,17.6,8.8,54.8,57.8,21.6,95.48,14.3,73,105,C,36,25.4,4.7,9.4,0.502,0.9,1.6,0.5379999999999999,3.9,7.8,0.494,0.5479999999999999,2.0,2.9,0.7070000000000001,1.7,6.2,7.8,2.3,0.4,1.1,1.3,1.7,12.4,SA,64,25.4,0.86,1.49,2.35,5.48,14.3,95.48,47,15.5,1983.5,882.5,148.5
Nikola Vucevic,ORL,26,75,27,48,28.8,102.5,106.1,-3.6,15.7,1.78,14.6,8.6,30.6,19.3,8.2,48.0,49.8,24.3,100.74,14.2,53,67,C,26,28.8,6.4,13.7,0.4679999999999999,0.3,1.0,0.307,6.1,12.7,0.481,0.48,1.4,2.1,0.669,2.3,8.0,10.4,2.8,1.0,1.0,1.6,2.4,14.6,ORL,75,28.8,-1.38,2.15,0.77,5.44,14.2,100.74,27,11.75,10.0,5.5,35.5
Eric Bledsoe,PHX,27,66,22,44,33.0,106.1,110.2,-4.1,30.9,1.87,22.3,2.5,13.9,8.0,11.9,48.5,56.3,28.0,103.09,14.1,22,28,PG,27,33.0,6.8,15.7,0.434,1.6,4.7,0.335,5.2,11.0,0.477,0.485,5.9,6.9,0.847,0.8,4.1,4.8,6.3,1.4,0.5,3.4,2.5,21.1,PHX,66,33.0,2.33,-0.64,1.69,6.85,14.1,103.09,22,14.0,434.5,9.0,30.5
Greg Monroe,MIL,27,81,42,39,22.5,110.1,106.4,3.7,16.5,1.34,16.1,11.2,23.7,17.6,12.1,53.3,57.2,24.2,96.98,13.9,79,112,C,26,22.5,4.8,9.0,0.5329999999999999,0.0,0.0,0.0,4.8,8.9,0.536,0.5329999999999999,2.2,3.0,0.741,2.1,4.5,6.6,2.3,1.1,0.5,1.7,2.1,11.7,MIL,81,22.5,1.08,0.47,1.55,5.34,13.9,96.98,42,17.15,271.0,9.0,7.0
Kemba Walker,CHA,27,79,36,43,34.7,109.0,105.4,3.6,28.2,2.58,19.6,1.8,10.7,6.2,7.6,52.7,56.9,29.1,98.19,13.7,14,17,PG,26,34.7,8.1,18.3,0.444,3.0,7.6,0.3989999999999999,5.1,10.7,0.476,0.527,3.8,4.5,0.847,0.6,3.3,3.9,5.5,1.1,0.3,2.1,1.5,23.2,CHA,79,34.7,3.93,-1.25,2.68,9.95,13.7,98.19,36,12.0,640.5,59.5,32.5
Jonas Valanciunas,TOR,25,80,50,30,25.8,109.6,107.2,2.5,4.3,0.54,5.9,12.4,29.7,21.0,11.0,55.8,60.1,19.5,96.61,13.6,76,108,C,24,25.8,4.9,8.8,0.557,0.0,0.0,0.5,4.9,8.8,0.557,0.5579999999999999,2.2,2.7,0.8109999999999999,2.8,6.7,9.5,0.7,0.5,0.8,1.3,2.7,12.0,TOR,80,25.8,-0.74,0.75,0.01,4.06,13.6,96.61,50,14.38,6.0,65.0,40.0
Paul George,IND,27,75,39,36,35.9,108.9,106.0,2.9,15.7,1.14,12.7,2.5,17.8,10.3,11.1,53.4,58.7,29.0,98.13,13.6,12,15,SF,26,35.9,8.3,18.0,0.461,2.6,6.6,0.3929999999999999,5.7,11.4,0.501,0.534,4.5,5.0,0.898,0.8,5.8,6.6,3.3,1.6,0.4,2.9,2.7,23.7,IND,75,35.9,2.67,-0.09,2.58,9.72,13.6,98.13,39,18.31,1600.0,228.5,128.0
Kyrie Irving,CLE,25,72,47,25,35.1,114.2,109.1,5.1,27.8,2.32,19.3,2.3,7.5,5.0,8.3,53.5,58.0,30.2,99.12,13.5,8,11,PG,24,35.1,9.3,19.7,0.473,2.5,6.1,0.401,6.9,13.6,0.505,0.535,4.1,4.6,0.905,0.7,2.5,3.2,5.8,1.2,0.3,2.5,2.2,25.2,CLE,72,35.1,4.35,-2.3,2.05,8.28,13.5,99.12,47,17.64,4796.0,1541.0,695.0
J.J. Barea,DAL,33,35,11,24,22.0,104.6,102.8,1.8,42.1,3.06,31.1,1.3,11.7,6.4,10.1,49.1,52.1,26.1,95.14,13.4,86,123,PG,32,22.0,4.1,9.8,0.414,1.5,4.2,0.358,2.5,5.6,0.456,0.491,1.3,1.5,0.863,0.3,2.1,2.4,5.5,0.4,0.0,1.8,0.9,10.9,DAL,35,22.0,0.15,-1.57,-1.42,0.8,13.4,95.14,11,4.1,5.0,0.0,17.5
Willy Hernangomez,NYK,23,72,27,45,18.4,104.8,107.6,-2.8,11.6,0.96,13.4,14.2,26.3,20.4,14.0,53.3,56.4,20.2,99.12,13.3,130,197,C,22,18.4,3.4,6.5,0.529,0.1,0.2,0.267,3.4,6.3,0.5379999999999999,0.5329999999999999,1.3,1.7,0.728,2.4,4.6,7.0,1.3,0.6,0.5,1.4,2.1,8.2,NY,72,18.4,-0.75,0.4,-0.35,2.37,13.3,99.12,27,1.44,2.0,0.0,55.5
Kyle O'Quinn,NYK,27,79,29,50,15.6,102.1,108.9,-6.8,14.9,1.54,18.2,13.8,25.0,19.3,11.8,52.3,55.2,18.6,97.82,13.2,164,267,C,26,15.6,2.7,5.2,0.521,0.0,0.2,0.118,2.7,5.0,0.5379999999999999,0.523,0.8,1.1,0.7709999999999999,2.0,3.6,5.6,1.5,0.5,1.3,1.0,2.2,6.3,NY,79,15.6,-1.28,1.16,-0.12,2.31,13.2,97.82,29,3.92,152.0,0.0,7.0
Jeremy Lin,BKN,28,36,13,23,24.5,103.5,106.4,-2.9,33.8,2.14,25.1,1.3,14.6,8.0,11.7,51.0,56.6,25.9,106.86,13.1,54,70,PG,28,24.5,4.9,11.1,0.4379999999999999,1.6,4.3,0.372,3.3,6.8,0.48,0.51,3.2,3.9,0.816,0.3,3.4,3.8,5.1,1.2,0.4,2.4,2.2,14.5,BKN,36,24.5,0.48,-0.03,0.45,2.21,13.1,106.86,13,11.48,3147.0,936.5,197.5
Jeff Teague,IND,29,82,42,40,32.4,108.1,106.8,1.2,35.9,2.96,32.8,1.4,12.3,7.0,11.1,49.2,57.4,22.1,98.98,13.1,48,60,PG,28,32.4,4.9,11.1,0.442,1.1,3.1,0.357,3.8,8.0,0.475,0.492,4.4,5.1,0.867,0.4,3.6,4.0,7.8,1.2,0.4,2.6,2.0,15.3,IND,82,32.4,1.86,-0.22,1.64,8.08,13.1,98.98,42,8.8,12.0,17.5,13.5
Tyson Chandler,PHX,34,47,15,32,27.6,106.6,109.5,-2.9,3.3,0.46,7.9,12.7,33.9,23.0,17.2,67.1,70.3,11.3,101.88,13.1,128,193,C,34,27.6,3.3,4.9,0.6709999999999999,0.0,0.0,,3.3,4.9,0.6709999999999999,0.6709999999999999,1.9,2.6,0.7340000000000001,3.3,8.2,11.5,0.6,0.7,0.5,1.4,2.7,8.4,PHX,47,27.6,-1.06,2.2,1.14,3.55,13.1,101.88,15,12.42,832.0,29.0,9.0
Goran Dragic,MIA,31,73,40,33,33.7,106.7,106.0,0.6,28.3,2.0,22.0,2.8,9.8,6.3,11.0,52.7,57.5,26.8,98.16,13.0,24,31,PG,30,33.7,7.3,15.4,0.475,1.6,4.0,0.405,5.7,11.4,0.499,0.527,4.1,5.2,0.79,0.8,3.0,3.8,5.8,1.2,0.2,2.9,2.7,20.3,MIA,73,33.7,2.54,-1.62,0.92,6.3,13.0,98.16,40,15.89,19.0,62.5,45.0
George Hill,UTA,31,49,33,16,31.5,109.7,101.0,8.6,22.7,2.4,20.8,1.7,10.5,6.2,8.7,55.4,59.9,23.6,92.9,12.8,39,50,PG,30,31.5,5.9,12.4,0.477,1.9,4.8,0.4029999999999999,4.0,7.6,0.523,0.5539999999999999,3.2,4.0,0.8009999999999999,0.5,2.9,3.4,4.2,1.0,0.2,1.7,2.3,16.9,UTAH,49,31.5,2.64,1.11,3.75,6.28,12.8,92.9,33,8.0,12.0,33.5,3.0
Trevor Booker,BKN,29,71,18,53,24.7,99.4,107.3,-7.9,13.1,1.09,15.3,8.9,25.1,17.2,14.0,53.7,55.4,18.8,103.12,12.7,103,148,PF,29,24.7,4.3,8.3,0.516,0.4,1.1,0.321,3.9,7.2,0.546,0.537,1.0,1.5,0.6729999999999999,2.0,6.0,8.0,1.9,1.1,0.4,1.8,2.1,10.0,BKN,71,24.7,-2.29,2.0,-0.29,3.3,12.7,103.12,18,9.25,160.5,16.5,8.0
Nerlens Noel,DAL,23,51,24,27,20.5,103.0,105.5,-2.6,7.8,0.98,10.9,10.0,22.5,16.1,11.1,59.5,62.2,17.6,98.69,12.7,126,187,C,22,20.5,3.6,6.1,0.595,0.0,0.0,0.0,3.6,6.0,0.597,0.595,1.5,2.2,0.6940000000000001,1.8,3.9,5.8,1.0,1.3,1.0,1.0,2.5,8.7,DAL/PHI,51,20.5,-1.33,2.58,1.25,2.95,12.7,98.69,24,4.38,663.0,105.0,64.0
Paul Millsap,ATL,32,69,40,29,34.0,105.0,103.0,2.0,17.2,1.59,16.2,5.3,19.2,12.4,10.1,48.1,54.2,24.3,100.22,12.6,32,41,PF,31,34.0,6.2,14.1,0.442,1.1,3.5,0.311,5.1,10.6,0.486,0.481,4.5,5.9,0.768,1.6,6.1,7.7,3.7,1.3,0.9,2.3,2.7,18.1,ATL,69,34.0,1.23,3.35,4.58,11.51,12.6,100.22,40,20.07,436.5,60.0,32.0
David Lee,SAS,34,79,58,21,18.7,110.2,99.2,11.0,12.6,1.51,18.4,11.8,21.1,16.7,12.1,59.0,61.3,16.6,98.36,12.6,146,225,PF,33,18.7,3.1,5.3,0.59,0.0,0.0,,3.1,5.3,0.59,0.59,1.0,1.4,0.708,1.9,3.7,5.6,1.6,0.4,0.5,1.0,1.6,7.3,SA,79,18.7,-0.38,1.5,1.12,3.98,12.6,98.36,58,1.55,42.0,56.5,35.0
Al Horford,BOS,31,68,46,22,32.3,110.7,105.8,5.0,23.9,2.93,25.7,4.9,18.3,11.8,8.8,52.7,55.3,19.9,98.96,12.5,60,78,C,30,32.3,5.6,11.8,0.473,1.3,3.6,0.355,4.3,8.2,0.524,0.527,1.6,2.0,0.8,1.4,5.4,6.8,5.0,0.8,1.3,1.7,2.0,14.0,BOS,68,32.3,0.76,1.06,1.82,6.93,12.5,98.96,46,26.54,870.0,136.0,71.0
JaVale McGee,GSW,29,77,62,15,9.6,121.4,102.7,18.7,3.2,0.43,4.0,15.6,18.7,17.3,9.4,65.2,64.2,22.6,105.1,12.5,170,280,C,29,9.6,2.7,4.1,0.652,0.0,0.0,0.0,2.7,4.1,0.6579999999999999,0.652,0.7,1.4,0.505,1.3,1.9,3.2,0.2,0.2,0.9,0.5,1.4,6.1,GS,77,9.6,0.83,0.11,0.94,2.04,12.5,105.1,62,1.4,804.5,0.0,32.0
Dirk Nowitzki,DAL,39,54,23,31,26.4,104.8,106.5,-1.7,9.9,1.61,9.5,1.8,26.7,14.0,5.9,49.5,52.9,25.5,96.06,12.4,57,74,PF,38,26.4,5.5,12.6,0.437,1.5,3.9,0.3779999999999999,4.0,8.7,0.4629999999999999,0.495,1.8,2.1,0.875,0.4,6.1,6.5,1.5,0.6,0.7,0.9,2.1,14.2,DAL,54,26.4,-0.38,0.64,0.26,3.02,12.4,96.06,23,25.0,2960.0,1564.0,500.5
Kenneth Faried,DEN,27,61,29,32,21.2,109.0,112.1,-3.1,6.4,0.93,9.0,15.7,24.3,20.0,9.6,54.8,58.8,18.1,100.81,12.4,106,157,PF,27,21.2,3.7,6.8,0.5479999999999999,0.0,0.1,0.0,3.7,6.7,0.556,0.5479999999999999,2.1,3.1,0.693,3.0,4.6,7.6,0.9,0.7,0.7,1.0,2.0,9.6,DEN,61,21.2,-0.07,-1.55,-1.62,1.27,12.4,100.81,29,12.08,376.5,14.0,8.0
LaMarcus Aldridge,SAS,31,72,52,20,32.4,109.1,103.0,6.1,10.0,1.42,9.9,8.4,17.1,12.8,7.0,48.8,53.2,24.9,94.47,12.2,37,47,PF,31,32.4,6.9,14.6,0.477,0.3,0.8,0.411,6.6,13.8,0.48,0.488,3.1,3.8,0.812,2.4,4.9,7.3,1.9,0.6,1.2,1.4,2.2,17.3,SA,72,32.4,-0.09,1.05,0.96,5.79,12.2,94.47,52,20.58,958.0,195.0,63.0
Jabari Parker,MIL,22,51,22,29,33.9,106.8,109.3,-2.5,13.7,1.53,12.4,5.3,15.1,10.3,8.1,53.0,56.3,26.0,98.47,12.1,26,33,PF,21,33.9,7.8,16.0,0.49,1.3,3.5,0.365,6.5,12.5,0.525,0.53,3.2,4.3,0.743,1.5,4.6,6.2,2.8,1.0,0.4,1.8,2.2,20.1,MIL,51,33.9,0.83,-1.61,-0.78,2.59,12.1,98.47,22,5.37,815.0,267.0,125.0
Dwyane Wade,CHI,35,60,29,31,29.9,103.1,105.5,-2.4,22.1,1.65,15.8,3.7,12.5,8.0,9.6,45.7,50.8,29.3,98.2,12.1,30,39,SG,35,29.9,6.9,15.9,0.434,0.8,2.4,0.31,6.2,13.5,0.456,0.457,3.7,4.7,0.794,1.1,3.5,4.5,3.8,1.4,0.7,2.3,1.9,18.3,CHI,60,29.9,-0.45,-0.46,-0.91,2.52,12.1,98.2,29,23.2,4671.0,349.5,149.5
Jrue Holiday,NOP,27,67,32,35,32.7,103.7,102.8,0.9,35.5,2.52,29.6,2.2,10.3,6.3,11.8,51.0,53.2,23.5,100.12,12.1,47,59,PG,26,32.7,6.0,13.3,0.4539999999999999,1.5,4.2,0.356,4.6,9.1,0.498,0.51,1.8,2.5,0.708,0.7,3.3,3.9,7.3,1.5,0.7,2.9,2.0,15.4,NO,67,32.7,0.64,1.18,1.82,6.89,12.1,100.12,32,11.29,547.5,0.0,39.0
Nick Collison,OKC,36,20,10,10,6.4,86.8,104.1,-17.2,17.1,3.0,28.2,6.8,18.6,12.4,9.4,60.9,62.2,10.1,97.52,12.0,234,455,PF,36,6.4,0.7,1.2,0.609,0.0,0.1,0.0,0.7,1.1,0.636,0.609,0.3,0.4,0.625,0.5,1.1,1.6,0.6,0.1,0.1,0.2,0.9,1.7,OKC,20,6.4,-2.18,1.12,-1.06,0.17,12.0,97.52,10,3.75,283.5,10.0,12.0
Bradley Beal,WAS,24,77,48,29,34.9,112.1,106.5,5.6,15.4,1.71,14.1,2.2,7.8,5.0,8.2,56.6,60.4,26.3,100.11,11.9,15,18,SG,23,34.9,8.3,17.2,0.482,2.9,7.2,0.4039999999999999,5.4,10.0,0.5379999999999999,0.5660000000000001,3.7,4.4,0.825,0.7,2.4,3.1,3.5,1.1,0.3,2.0,2.2,23.1,WSH,77,34.9,3.29,-1.04,2.25,9.26,11.9,100.11,48,22.12,413.5,55.5,40.5
Carmelo Anthony,NYK,33,74,29,45,34.3,106.1,111.1,-5.0,14.1,1.39,11.1,2.6,16.0,9.2,8.0,48.8,53.5,29.0,98.48,11.8,17,22,SF,32,34.3,8.1,18.8,0.433,2.0,5.7,0.359,6.1,13.1,0.466,0.488,4.1,4.9,0.833,0.8,5.1,5.9,2.9,0.8,0.5,2.1,2.7,22.4,NY,74,34.3,1.87,-1.75,0.12,5.26,11.8,98.48,29,24.56,3773.5,720.5,220.0
Nicolas Batum,CHA,28,77,35,42,34.0,107.4,106.2,1.3,27.3,2.35,26.1,1.9,18.4,10.1,11.1,47.2,52.9,22.1,98.76,11.8,49,61,SG,28,34.0,5.1,12.7,0.4029999999999999,1.8,5.3,0.3329999999999999,3.4,7.4,0.4529999999999999,0.472,3.2,3.7,0.856,0.6,5.6,6.2,5.9,1.1,0.4,2.5,1.4,15.1,CHA,77,34.0,1.3,-0.35,0.95,6.73,11.8,98.76,35,20.87,374.5,114.5,66.0
Tyreke Evans,SAC,27,40,17,23,19.7,97.5,106.2,-8.6,28.1,2.03,20.8,1.7,17.8,9.5,10.2,46.2,50.1,27.0,98.53,11.8,97,139,SF,27,19.7,3.8,9.3,0.405,1.1,3.0,0.356,2.7,6.3,0.429,0.462,1.7,2.3,0.75,0.3,3.1,3.4,3.1,0.9,0.2,1.5,1.5,10.3,NO/SAC,40,19.7,-1.52,0.02,-1.5,0.81,11.8,98.53,17,10.2,701.0,6.0,9.0
Dennis Schroder,ATL,23,79,42,37,31.5,103.4,105.4,-2.0,34.0,1.93,24.0,1.9,8.8,5.4,12.4,49.3,53.3,27.6,100.32,11.7,36,45,PG,23,31.5,6.9,15.4,0.451,1.3,3.7,0.34,5.7,11.6,0.487,0.493,2.8,3.2,0.855,0.5,2.6,3.1,6.3,0.9,0.2,3.3,1.9,17.9,ATL,79,31.5,0.31,-2.76,-2.45,1.07,11.7,100.32,42,2.71,2.0,51.5,20.0
Draymond Green,GSW,27,76,62,14,32.5,115.2,99.3,15.9,27.2,2.9,36.5,4.6,20.5,13.2,12.6,48.1,52.2,16.0,103.34,11.7,99,142,PF,26,32.5,3.6,8.6,0.418,1.1,3.5,0.308,2.5,5.1,0.494,0.481,2.0,2.8,0.7090000000000001,1.3,6.6,7.9,7.0,2.0,1.4,2.4,2.9,10.2,GS,76,32.5,1.55,5.59,7.14,16.84,11.7,103.34,62,15.33,2946.0,627.0,168.5
Jusuf Nurkic,POR,22,65,34,31,21.4,104.4,106.5,-2.1,14.2,0.86,13.8,12.4,23.6,18.2,16.0,50.7,52.8,23.5,100.65,11.7,100,144,C,22,21.4,4.2,8.2,0.507,0.0,0.0,0.0,4.2,8.2,0.508,0.507,1.8,3.2,0.5710000000000001,2.4,4.8,7.2,1.9,0.8,1.1,2.2,2.5,10.2,DEN/POR,65,21.4,-2.11,2.73,0.62,3.32,11.7,100.65,34,1.92,3.0,45.0,43.5
Elfrid Payton,ORL,23,82,29,53,29.4,104.7,107.5,-2.7,32.9,2.97,30.9,3.9,13.6,8.6,10.4,49.3,52.0,21.3,100.23,11.7,71,99,PG,22,29.4,5.2,11.1,0.471,0.5,1.8,0.2739999999999999,4.8,9.3,0.509,0.493,1.8,2.6,0.6920000000000001,1.1,3.6,4.7,6.5,1.1,0.5,2.2,2.2,12.8,ORL,82,29.4,1.12,-0.78,0.34,5.38,11.7,100.23,29,2.61,4.0,19.0,8.0
Michael Beasley,MIL,28,56,23,33,16.7,106.9,108.5,-1.6,9.6,0.8,9.3,5.1,18.6,12.0,11.6,55.4,58.4,24.8,97.91,11.6,111,163,PF,28,16.7,3.9,7.3,0.532,0.3,0.8,0.419,3.5,6.5,0.545,0.5539999999999999,1.4,1.9,0.743,0.7,2.7,3.4,0.9,0.5,0.5,1.2,1.6,9.4,MIL,56,16.7,-1.7,-0.61,-2.31,0.48,11.6,97.91,23,1.4,939.0,8.0,5.0
Brandan Wright,MEM,29,28,14,14,16.0,106.1,102.3,3.9,6.0,1.5,8.6,7.8,11.5,9.7,5.7,61.5,62.8,16.6,93.54,11.6,154,246,PF,29,16.0,3.0,4.8,0.615,0.0,0.0,0.0,3.0,4.8,0.619,0.615,0.8,1.3,0.657,1.1,1.7,2.8,0.5,0.4,0.7,0.4,1.5,6.8,MEM,28,16.0,-0.86,0.4,-0.46,0.71,11.6,93.54,14,5.71,152.5,0.0,6.0
Ricky Rubio,MIN,26,75,28,47,32.9,108.9,109.9,-1.0,38.5,3.5,41.3,3.2,11.2,7.2,11.8,44.8,53.9,17.4,97.07,11.4,81,115,PG,26,32.9,3.5,8.7,0.402,0.8,2.6,0.306,2.7,6.1,0.4429999999999999,0.4479999999999999,3.4,3.8,0.8909999999999999,0.9,3.2,4.1,9.1,1.7,0.1,2.6,2.7,11.1,MIN,75,32.9,1.73,0.76,2.49,8.72,11.4,97.07,28,13.55,763.0,262.5,76.0
Marreese Speights,LAC,29,82,51,31,15.7,106.0,108.4,-2.4,8.5,0.94,8.8,7.7,24.5,16.1,9.3,53.9,58.4,23.9,97.43,11.4,127,188,C,29,15.7,3.0,6.7,0.445,1.3,3.4,0.372,1.7,3.3,0.52,0.539,1.5,1.7,0.8759999999999999,1.1,3.5,4.5,0.8,0.3,0.5,0.8,2.8,8.7,LAC,82,15.7,0.67,0.69,1.36,3.66,11.4,97.43,51,1.4,564.5,80.0,12.0
Danilo Gallinari,DEN,28,63,31,32,33.9,112.1,109.4,2.7,9.0,1.65,11.9,2.1,14.4,8.4,7.2,53.1,62.2,20.0,100.53,11.4,31,40,SF,28,33.9,5.3,11.9,0.447,2.0,5.1,0.389,3.3,6.8,0.491,0.531,5.5,6.1,0.902,0.6,4.5,5.2,2.1,0.6,0.2,1.3,1.5,18.2,DEN,63,33.9,2.67,0.21,2.88,8.39,11.4,100.53,31,15.05,350.0,29.0,6.0
Tobias Harris,DET,24,82,37,45,31.3,104.3,105.5,-1.3,8.7,1.48,10.1,2.6,15.5,8.9,6.9,53.2,56.8,21.8,97.41,11.3,42,54,PF,24,31.3,6.2,13.0,0.481,1.3,3.8,0.347,4.9,9.1,0.537,0.532,2.3,2.8,0.841,0.8,4.3,5.1,1.7,0.7,0.5,1.2,1.6,16.1,DET,82,31.3,1.19,-0.25,0.94,6.55,11.3,97.41,37,17.2,327.0,2.0,4.0
Julius Randle,LAL,22,74,24,50,28.8,103.1,113.3,-10.2,19.5,1.53,19.8,7.4,25.4,16.1,13.0,49.9,54.3,21.5,100.9,11.3,69,92,PF,22,28.8,5.1,10.4,0.488,0.2,0.9,0.27,4.9,9.6,0.507,0.499,2.8,3.8,0.723,2.0,6.6,8.6,3.6,0.7,0.5,2.3,3.4,13.2,LAL,74,28.8,-0.79,-1.03,-1.82,1.83,11.3,100.9,24,3.27,519.0,102.0,59.0
Derrick Rose,NYK,28,64,26,38,32.5,107.3,111.1,-3.9,21.6,1.93,18.6,3.4,9.2,6.3,9.7,47.7,53.0,25.6,99.19,11.2,35,44,PG,28,32.5,7.2,15.3,0.471,0.2,0.9,0.217,7.0,14.3,0.487,0.477,3.5,4.0,0.8740000000000001,1.0,2.8,3.8,4.4,0.7,0.3,2.3,1.3,18.0,NY,64,32.5,0.11,-2.36,-2.25,1.17,11.2,99.19,26,21.32,3273.5,1864.0,2504.5
Myles Turner,IND,21,81,42,39,31.4,108.3,105.1,3.2,6.5,1.01,8.7,6.4,19.2,13.1,8.7,53.4,58.5,19.7,98.5,11.2,55,71,C,20,31.4,5.5,10.7,0.511,0.5,1.4,0.348,5.0,9.3,0.536,0.534,3.0,3.7,0.809,1.7,5.6,7.3,1.3,0.9,2.1,1.3,3.2,14.5,IND,81,31.4,0.09,2.57,2.66,9.31,11.2,98.5,42,2.46,10.0,53.0,31.0
Kelly Olynyk,BOS,26,75,49,26,20.5,103.7,104.2,-0.4,15.9,1.54,18.4,5.3,20.7,13.1,11.9,57.9,60.3,18.8,99.85,11.0,122,180,C,25,20.5,3.5,6.8,0.512,0.9,2.6,0.354,2.6,4.2,0.608,0.579,1.2,1.6,0.732,1.0,3.8,4.8,2.0,0.6,0.4,1.3,2.8,9.0,BOS,75,20.5,-0.31,0.81,0.5,3.54,11.0,99.85,49,3.09,457.0,56.5,16.0
Bobby Portis,CHI,22,64,30,34,15.6,101.7,106.0,-4.3,5.9,0.95,7.4,7.8,24.2,15.8,7.8,53.1,54.5,19.3,97.38,11.0,152,244,PF,21,15.6,2.9,5.9,0.488,0.5,1.5,0.3329999999999999,2.4,4.4,0.541,0.531,0.6,0.9,0.6609999999999999,1.2,3.5,4.6,0.5,0.3,0.2,0.6,1.5,6.8,CHI,64,15.6,-1.94,-0.5,-2.44,0.43,11.0,97.38,30,1.45,193.0,37.0,73.0
Bobby Portis,CHI,22,64,30,34,15.6,101.7,106.0,-4.3,5.9,0.95,7.4,7.8,24.2,15.8,7.8,53.1,54.5,19.3,97.38,11.0,153,244,PF,21,15.6,2.9,5.9,0.488,0.5,1.5,0.3329999999999999,2.4,4.4,0.541,0.531,0.6,0.9,0.6609999999999999,1.2,3.5,4.6,0.5,0.3,0.2,0.6,1.5,6.8,CHI,64,15.6,-1.94,-0.5,-2.44,0.43,11.0,97.38,30,1.52,193.0,37.0,73.0
Marcin Gortat,WAS,33,82,49,33,31.2,110.2,107.4,2.8,6.5,1.02,12.3,10.4,26.9,18.6,12.1,57.9,59.3,14.7,99.85,10.9,89,126,C,32,31.2,4.8,8.2,0.579,0.0,0.0,0.0,4.8,8.2,0.58,0.579,1.3,1.9,0.648,2.9,7.5,10.4,1.5,0.5,0.7,1.5,2.6,10.8,WSH,82,31.2,-1.25,1.18,-0.07,5.01,10.9,99.85,49,12.0,315.0,1.0,1.0
Spencer Hawes,MIL,29,54,27,27,14.8,99.0,109.2,-10.2,17.4,1.65,18.8,5.2,21.5,13.3,11.4,52.9,56.2,19.7,100.06,10.9,166,272,PF,28,14.8,2.5,5.1,0.484,0.5,1.5,0.309,2.0,3.6,0.556,0.529,0.8,1.0,0.846,0.7,2.8,3.5,1.5,0.3,0.6,0.9,1.4,6.2,MIL/CHA,54,14.8,-2.13,-0.87,-3.0,0.06,10.9,100.06,27,6.35,195.0,12.0,4.0
Klay Thompson,GSW,27,78,66,12,34.0,115.6,100.9,14.7,9.0,1.25,9.1,2.2,9.1,6.0,7.3,56.5,59.2,26.2,102.15,10.9,18,24,SG,26,34.0,8.3,17.6,0.4679999999999999,3.4,8.3,0.414,4.8,9.3,0.516,0.565,2.4,2.8,0.853,0.6,3.0,3.7,2.1,0.8,0.5,1.6,1.8,22.3,GS,78,34.0,2.78,-0.45,2.33,9.53,10.9,102.15,66,16.66,3708.0,797.0,225.0
Tyler Johnson,MIA,25,73,35,38,29.8,104.0,103.5,0.5,17.0,2.59,18.5,2.5,12.5,7.4,7.1,49.0,53.5,20.7,98.21,10.8,66,85,PG,24,29.8,4.9,11.3,0.433,1.3,3.4,0.372,3.6,7.9,0.46,0.49,2.7,3.5,0.768,0.7,3.3,4.0,3.2,1.2,0.6,1.2,2.4,13.7,MIA,73,29.8,0.13,0.18,0.31,4.72,10.8,98.21,35,5.63,11.0,3.0,6.0
Derrick Favors,UTA,25,50,33,17,23.7,105.1,102.3,2.8,7.9,0.93,9.6,9.2,20.5,15.0,10.3,49.0,51.2,20.8,92.72,10.8,108,160,PF,25,23.7,4.1,8.3,0.487,0.1,0.2,0.3,4.0,8.1,0.491,0.49,1.3,2.2,0.615,1.8,4.3,6.1,1.1,0.9,0.8,1.2,2.1,9.5,UTAH,50,23.7,-2.76,2.06,-0.7,1.73,10.8,92.72,33,11.05,295.0,25.0,6.5
Dwight Powell,DAL,25,77,30,47,17.3,104.2,110.6,-6.4,6.2,1.44,9.4,7.7,20.2,13.5,6.5,54.2,58.8,16.6,93.78,10.7,156,251,C,25,17.3,2.5,4.9,0.515,0.3,1.0,0.284,2.2,3.9,0.5710000000000001,0.542,1.4,1.8,0.759,1.2,2.8,4.0,0.6,0.8,0.5,0.4,1.8,6.7,DAL,77,17.3,-0.66,-0.51,-1.17,1.58,10.7,93.78,30,8.38,213.0,0.0,10.0
Tiago Splitter,PHI,32,8,1,7,9.5,106.6,110.1,-3.5,8.9,0.67,8.7,10.0,22.6,15.5,13.1,48.4,54.4,22.2,99.11,10.6,192,337,C,32,9.5,1.8,3.9,0.452,0.3,0.8,0.3329999999999999,1.5,3.1,0.48,0.484,1.1,1.4,0.818,1.0,1.8,2.8,0.5,0.1,0.1,0.8,1.0,4.9,PHI,8,9.5,-1.97,0.69,-1.28,0.09,10.6,99.11,1,8.55,274.5,8.0,9.0
Rajon Rondo,CHI,31,69,34,35,26.7,104.2,106.3,-2.1,36.1,2.73,38.0,4.3,16.7,10.5,13.9,45.3,46.1,17.7,97.96,10.6,139,210,PG,30,26.7,3.3,8.1,0.408,0.7,1.9,0.376,2.6,6.2,0.418,0.4529999999999999,0.4,0.7,0.6,1.1,4.1,5.1,6.7,1.4,0.2,2.4,2.1,7.8,CHI,69,26.7,-1.35,-0.49,-1.84,1.51,10.6,97.96,34,14.0,1765.0,185.5,74.0
Willie Cauley-Stein,SAC,23,75,29,46,18.9,102.5,108.8,-6.3,9.3,1.16,11.5,6.9,20.0,13.5,9.9,53.0,55.8,19.9,96.91,10.6,132,200,C,23,18.9,3.4,6.4,0.53,0.0,0.0,0.0,3.4,6.4,0.532,0.53,1.3,2.0,0.669,1.1,3.4,4.5,1.1,0.7,0.6,0.9,2.0,8.1,SAC,75,18.9,-2.07,0.9,-1.17,1.72,10.6,96.91,29,3.55,456.5,0.0,17.0
Kristaps Porzingis,NYK,21,66,26,40,32.8,104.6,107.7,-3.1,7.3,0.82,7.4,5.6,17.7,11.7,9.0,50.7,54.6,24.4,99.15,10.6,34,43,PF,21,32.8,6.7,14.9,0.45,1.7,4.8,0.357,5.0,10.2,0.493,0.507,3.0,3.8,0.7859999999999999,1.7,5.5,7.2,1.5,0.7,2.0,1.8,3.7,18.1,NY,66,32.8,-0.31,1.9,1.59,6.54,10.6,99.15,26,4.32,20.0,485.0,214.0
Delon Wright,TOR,25,27,19,8,16.5,104.9,96.2,8.8,20.4,2.28,25.7,4.2,8.4,6.3,11.3,46.6,53.5,16.7,94.48,10.5,177,303,PG,24,16.5,1.8,4.3,0.422,0.4,1.1,0.3329999999999999,1.4,3.2,0.4529999999999999,0.466,1.6,2.0,0.764,0.6,1.2,1.8,2.1,1.0,0.4,0.9,1.1,5.6,TOR,27,16.5,-1.28,0.98,-0.3,0.77,10.5,94.48,19,1.58,202.5,11.5,14.0
Kris Humphries,ATL,32,56,31,25,12.3,97.3,101.7,-4.4,7.0,1.04,9.4,9.5,24.5,16.8,9.1,45.1,51.4,18.0,98.12,10.5,196,345,PF,31,12.3,1.6,3.8,0.407,0.3,1.0,0.352,1.2,2.9,0.425,0.451,1.1,1.5,0.78,1.1,2.6,3.7,0.5,0.3,0.4,0.5,1.2,4.6,ATL,56,12.3,-2.3,0.41,-1.89,0.54,10.5,98.12,31,4.0,2940.5,67.0,9.0
Khris Middleton,MIL,25,29,19,10,30.7,109.7,104.0,5.7,17.5,1.52,18.4,1.5,15.3,8.5,12.1,51.8,57.0,23.2,94.63,10.4,52,66,SF,25,30.7,5.2,11.5,0.45,1.6,3.6,0.433,3.6,7.9,0.4589999999999999,0.518,2.8,3.2,0.88,0.4,3.9,4.2,3.4,1.4,0.2,2.2,2.7,14.7,MIL,29,30.7,0.14,1.26,1.4,2.44,10.4,94.63,19,15.2,255.5,16.0,9.0
Nikola Mirotic,CHI,26,70,37,33,24.0,107.7,103.0,4.7,6.9,0.94,9.0,4.0,20.8,12.5,9.6,51.6,54.6,19.8,97.95,10.4,93,133,PF,25,24.0,3.7,8.9,0.413,1.8,5.4,0.342,1.8,3.5,0.52,0.516,1.4,1.8,0.773,0.9,4.6,5.5,1.1,0.8,0.8,1.1,1.8,10.6,CHI,70,24.0,0.92,1.31,2.23,5.69,10.4,97.95,37,5.78,5.0,119.0,50.5
Jae Crowder,BOS,26,72,48,24,32.4,112.3,104.5,7.8,9.7,1.94,14.8,2.4,17.1,9.9,7.6,57.2,61.3,17.0,99.94,10.3,63,81,SF,26,32.4,4.6,10.0,0.4629999999999999,2.2,5.5,0.3979999999999999,2.4,4.5,0.54,0.5720000000000001,2.4,3.0,0.8109999999999999,0.7,5.1,5.8,2.2,1.0,0.3,1.1,2.2,13.9,BOS,72,32.4,2.2,1.69,3.89,10.52,10.3,99.94,48,6.29,438.5,55.0,47.0
Will Barton,DEN,26,60,31,29,28.4,107.7,110.6,-2.9,18.5,2.12,19.6,3.7,13.2,8.4,9.2,50.8,54.7,21.1,100.14,10.2,65,83,SG,26,28.4,4.9,11.1,0.4429999999999999,1.5,3.9,0.37,3.5,7.2,0.483,0.508,2.4,3.2,0.753,1.0,3.4,4.3,3.4,0.8,0.5,1.6,1.8,13.7,DEN,60,28.4,0.05,-1.2,-1.15,2.2,10.2,100.14,31,3.53,190.0,1.0,3.0
Andre Iguodala,GSW,33,76,64,12,26.3,114.3,101.0,13.4,16.9,4.5,33.5,3.0,13.1,8.4,7.4,60.5,62.4,11.3,101.92,10.2,143,215,SF,33,26.3,2.9,5.5,0.528,0.8,2.3,0.362,2.0,3.1,0.6509999999999999,0.605,0.9,1.3,0.706,0.7,3.3,4.0,3.4,1.0,0.5,0.8,1.3,7.6,GS,76,26.3,2.01,1.52,3.53,8.72,10.2,101.92,64,11.13,1748.5,300.5,43.0
Channing Frye,CLE,34,74,44,30,18.9,110.1,109.0,1.0,5.0,0.85,6.9,3.1,19.0,11.4,8.1,58.9,61.2,19.6,98.14,10.1,120,174,C,33,18.9,3.2,7.0,0.4579999999999999,1.9,4.5,0.409,1.4,2.5,0.546,0.589,0.9,1.0,0.851,0.5,3.4,3.9,0.6,0.4,0.5,0.7,1.9,9.1,CLE,74,18.9,1.62,-0.58,1.04,3.7,10.1,98.14,44,7.81,445.0,8.0,4.0
Dion Waiters,MIA,25,46,27,19,30.1,106.5,103.8,2.8,23.4,1.94,19.6,1.5,10.7,6.1,10.1,48.8,50.7,26.4,98.03,10.0,44,56,SG,25,30.1,6.1,14.4,0.424,1.8,4.7,0.395,4.3,9.7,0.4379999999999999,0.488,1.8,2.8,0.6459999999999999,0.4,2.9,3.3,4.3,0.9,0.4,2.2,2.1,15.8,MIA,46,30.1,0.12,-0.07,0.05,2.8,10.0,98.03,27,2.9,512.0,0.0,7.0
Darren Collison,SAC,29,68,26,42,30.3,106.1,110.4,-4.2,24.3,2.74,25.7,1.3,7.4,4.3,9.4,52.7,57.0,20.0,96.23,10.0,68,91,PG,29,30.3,5.0,10.5,0.476,1.1,2.6,0.417,3.9,7.9,0.495,0.527,2.2,2.5,0.86,0.3,1.9,2.2,4.6,1.0,0.1,1.7,1.8,13.2,SAC,68,30.3,1.06,-1.47,-0.41,3.44,10.0,96.23,26,5.23,295.0,4.0,7.0
Patty Mills,SAS,28,80,60,20,21.9,111.9,99.9,12.0,23.6,2.77,27.0,1.5,7.4,4.5,9.7,55.8,57.8,18.9,98.97,10.0,109,161,PG,28,21.9,3.4,7.8,0.44,1.8,4.4,0.414,1.6,3.3,0.474,0.5579999999999999,0.8,1.0,0.825,0.3,1.5,1.8,3.5,0.8,0.0,1.3,1.4,9.5,SA,80,21.9,2.53,-1.26,1.27,4.86,10.0,98.97,60,3.58,522.0,112.0,19.0
D'Angelo Russell,LAL,21,63,21,42,28.7,104.7,113.4,-8.7,26.9,1.72,21.2,1.8,12.0,6.6,12.3,48.3,51.8,26.7,100.87,9.9,46,58,PG,20,28.7,5.6,13.8,0.405,2.1,6.1,0.352,3.4,7.7,0.447,0.483,2.3,3.0,0.782,0.5,3.0,3.5,4.8,1.4,0.3,2.8,2.1,15.6,LAL,63,28.7,0.75,-2.45,-1.7,1.69,9.9,100.87,21,5.33,1327.0,0.0,232.0
Wilson Chandler,DEN,30,71,35,36,30.9,110.1,111.8,-1.7,9.7,1.24,11.0,5.2,17.8,11.5,8.9,52.0,54.5,22.1,100.43,9.8,45,57,SF,29,30.9,6.1,13.2,0.461,1.5,4.6,0.337,4.5,8.6,0.527,0.52,2.0,2.7,0.727,1.5,5.0,6.5,2.0,0.7,0.4,1.6,2.4,15.7,DEN,71,30.9,0.3,-1.54,-1.24,2.69,9.8,100.43,35,11.23,166.0,31.5,18.5
Steven Adams,OKC,23,80,47,33,29.9,106.6,103.9,2.8,5.4,0.59,8.6,12.8,15.1,14.0,14.6,57.1,58.9,16.0,101.16,9.7,80,113,C,23,29.9,4.7,8.2,0.5710000000000001,0.0,0.0,0.0,4.7,8.2,0.5720000000000001,0.5710000000000001,2.0,3.2,0.611,3.5,4.2,7.7,1.1,1.1,1.0,1.8,2.4,11.3,OKC,80,29.9,-0.3,1.68,1.38,7.01,9.7,101.16,47,3.14,1132.0,36.0,99.0
Taj Gibson,OKC,32,78,41,37,25.5,104.9,104.6,0.3,5.7,0.7,7.6,8.4,18.1,13.2,11.0,51.7,54.3,19.0,98.39,9.7,88,125,PF,31,25.5,4.7,9.1,0.515,0.0,0.2,0.231,4.6,8.9,0.52,0.517,1.4,2.0,0.715,2.0,4.2,6.2,0.9,0.5,0.8,1.3,2.1,10.8,CHI/OKC,78,25.5,-1.76,2.02,0.26,4.29,9.7,98.39,41,8.95,231.0,52.0,17.0
Jerryd Bayless,PHI,28,3,1,2,23.8,93.3,106.3,-12.9,36.1,1.44,22.3,4.7,12.7,8.9,15.4,37.5,45.3,28.4,97.84,9.7,82,116,PG,28,23.7,3.7,10.7,0.344,0.7,1.7,0.4,3.0,9.0,0.3329999999999999,0.375,3.0,3.3,0.9,1.0,3.0,4.0,4.3,0.0,0.0,3.0,1.3,11.0,PHI,3,23.7,-2.23,-0.47,-2.7,0.02,9.7,97.84,1,9.42,188.0,2.0,5.0
Thaddeus Young,IND,29,74,40,34,30.2,107.2,104.7,2.5,8.2,1.28,13.0,6.7,15.2,11.1,10.1,56.0,56.2,16.5,98.97,9.7,85,122,PF,28,30.2,4.9,9.3,0.527,0.6,1.6,0.381,4.3,7.7,0.557,0.56,0.6,1.2,0.523,1.8,4.3,6.1,1.6,1.5,0.4,1.3,1.8,11.0,IND,74,30.2,-1.09,1.94,0.85,5.66,9.7,98.97,40,14.15,269.0,0.0,1.5
Tyus Jones,MIN,21,60,23,37,12.9,110.7,108.2,2.5,27.6,4.11,39.6,1.5,8.9,5.1,9.6,48.6,52.3,13.5,97.51,9.6,209,379,PG,20,12.9,1.3,3.0,0.414,0.4,1.2,0.356,0.8,1.8,0.4539999999999999,0.486,0.6,0.7,0.767,0.2,1.0,1.1,2.6,0.8,0.1,0.6,0.8,3.5,MIN,60,12.9,0.11,-0.34,-0.23,1.4,9.6,97.51,23,1.47,472.0,0.0,14.0
Cody Zeller,CHA,24,62,33,29,27.8,108.4,102.9,5.4,8.7,1.52,14.3,8.5,17.6,13.0,9.4,57.1,60.4,15.4,97.57,9.6,98,140,PF,24,27.8,4.1,7.1,0.5710000000000001,0.0,0.0,0.0,4.1,7.1,0.5720000000000001,0.5710000000000001,2.1,3.2,0.679,2.2,4.4,6.5,1.6,1.0,0.9,1.0,3.0,10.3,CHA,62,27.8,-0.07,3.42,3.35,6.97,9.6,97.57,33,5.32,376.5,90.0,29.0
Victor Oladipo,OKC,25,67,39,28,33.2,104.5,102.1,2.5,12.2,1.48,13.6,1.9,12.3,7.2,9.2,51.0,53.4,21.3,101.1,9.5,43,55,SG,24,33.2,6.1,13.9,0.442,1.9,5.3,0.361,4.3,8.7,0.491,0.51,1.7,2.3,0.753,0.6,3.8,4.3,2.6,1.2,0.3,1.8,2.3,15.9,OKC,67,33.2,0.1,1.56,1.66,6.88,9.5,101.1,39,6.55,715.0,78.0,28.0
Alex Len,PHX,24,77,21,56,20.3,99.4,110.5,-11.1,4.3,0.43,6.3,10.4,25.1,17.5,14.6,50.0,55.3,17.6,103.52,9.5,136,205,C,23,20.3,3.0,6.0,0.497,0.0,0.2,0.25,2.9,5.9,0.503,0.5,1.9,2.7,0.721,2.0,4.6,6.6,0.6,0.5,1.3,1.3,3.1,8.0,PHX,77,20.3,-3.62,1.28,-2.34,0.81,9.5,103.52,21,4.82,270.0,10.5,6.0
Andrew Wiggins,MIN,22,82,31,51,37.2,109.8,110.4,-0.5,10.4,1.01,8.7,3.9,8.7,6.3,8.6,48.4,53.4,28.8,97.56,9.5,13,16,SF,21,37.2,8.6,19.1,0.452,1.3,3.5,0.356,7.4,15.6,0.473,0.484,5.0,6.6,0.76,1.2,2.8,4.0,2.3,1.0,0.4,2.3,2.2,23.6,MIN,82,37.2,1.56,-3.16,-1.6,2.94,9.5,97.56,31,6.01,1778.5,182.0,54.5
Zach LaVine,MIN,22,47,16,31,37.2,106.5,110.1,-3.6,12.8,1.64,14.0,1.2,9.8,5.3,8.5,54.4,57.6,21.8,96.38,9.5,29,37,SG,21,37.2,6.9,15.1,0.4589999999999999,2.6,6.6,0.387,4.4,8.5,0.515,0.544,2.5,3.0,0.836,0.4,3.0,3.4,3.0,0.9,0.2,1.8,2.2,18.9,MIN,47,37.2,-0.62,-2.35,-2.97,0.17,9.5,96.38,16,2.24,1103.0,178.5,67.0
Kevin Seraphin,IND,27,49,23,26,11.4,101.1,111.0,-9.9,6.9,0.79,8.9,7.9,20.2,13.9,11.2,55.1,55.9,18.9,96.87,9.5,193,341,PF,27,11.4,2.2,4.0,0.551,0.0,0.0,0.0,2.2,4.0,0.556,0.551,0.3,0.4,0.636,0.8,2.1,2.9,0.5,0.1,0.4,0.6,1.3,4.7,IND,49,11.4,-2.94,-1.07,-4.01,-0.31,9.5,96.87,23,1.8,16.0,4.5,8.0
Bruno Caboclo,TOR,21,9,8,1,4.5,97.5,91.2,6.2,15.4,2.0,18.2,10.9,13.9,12.2,9.1,43.8,43.8,19.2,95.38,9.4,235,457,SF,21,4.4,0.7,1.8,0.375,0.2,0.7,0.3329999999999999,0.4,1.1,0.4,0.4379999999999999,0.0,0.0,,0.6,0.6,1.1,0.4,0.2,0.1,0.2,0.4,1.6,TOR,9,4.4,-1.76,0.11,-1.65,0.04,9.4,95.38,8,1.59,270.5,11.0,8.0
Joakim Noah,NYK,32,46,17,29,22.1,105.0,111.0,-6.0,13.8,1.78,25.9,16.2,25.6,20.8,14.6,49.0,49.1,12.5,98.45,9.4,190,330,C,31,22.1,2.2,4.4,0.49,0.0,0.0,0.0,2.2,4.4,0.493,0.49,0.7,1.7,0.436,3.5,5.2,8.8,2.2,0.7,0.8,1.3,2.8,5.0,NY,46,22.1,-2.23,1.17,-1.06,1.32,9.4,98.45,17,17.0,1202.5,0.0,87.0
Anthony Bennett,BKN,24,23,3,20,11.5,107.5,118.1,-10.6,7.5,1.0,9.1,10.4,20.7,15.7,9.1,48.4,53.3,19.1,104.03,9.4,187,327,PF,23,11.5,1.7,4.0,0.413,0.6,2.1,0.271,1.1,1.9,0.568,0.484,1.1,1.6,0.722,1.1,2.3,3.4,0.5,0.2,0.1,0.5,0.8,5.0,BKN,23,11.5,-0.76,-1.29,-2.05,0.19,9.4,104.03,3,1.02,19.0,9.0,10.5
Kosta Koufos,SAC,28,71,27,44,20.0,102.0,107.7,-5.7,5.3,0.77,8.9,9.5,22.3,16.0,11.6,55.1,56.0,15.4,96.17,9.3,160,256,C,27,20.0,3.0,5.5,0.551,0.0,0.0,0.0,3.0,5.5,0.552,0.551,0.5,0.9,0.613,1.7,4.0,5.7,0.7,0.5,0.7,0.9,2.4,6.6,SAC,71,20.0,-2.78,2.83,0.05,2.79,9.3,96.17,27,8.05,189.0,37.0,8.0
Michael Kidd-Gilchrist,CHA,23,81,36,45,29.0,105.4,103.8,1.6,7.4,2.04,13.1,7.1,19.4,13.1,6.4,47.8,52.8,14.6,97.79,9.3,117,171,SF,23,29.0,3.6,7.6,0.477,0.0,0.1,0.111,3.6,7.5,0.483,0.478,1.9,2.4,0.784,1.9,5.0,7.0,1.4,1.0,1.0,0.7,2.3,9.2,CHA,81,29.0,-1.97,2.47,0.5,5.31,9.3,97.79,36,13.0,575.5,29.0,11.0
Andrew Bogut,CLE,32,27,8,19,21.6,95.7,97.4,-1.7,13.3,1.14,27.6,10.3,32.0,20.7,24.2,46.9,46.0,10.6,93.14,9.2,219,405,C,32,21.6,1.4,3.0,0.469,0.0,0.0,0.0,1.4,3.0,0.475,0.469,0.1,0.4,0.273,2.1,6.0,8.1,1.8,0.5,0.9,1.6,3.2,2.9,CLE/DAL,27,21.6,-4.01,4.34,0.33,1.2,9.2,93.14,8,0.24,1435.5,57.0,4.0
Al-Farouq Aminu,POR,26,61,33,28,29.1,107.7,105.9,1.8,8.2,1.05,13.8,4.9,23.2,14.1,13.1,46.8,50.6,15.8,98.38,9.2,125,185,SF,26,29.1,3.0,7.6,0.3929999999999999,1.1,3.5,0.33,1.9,4.2,0.445,0.4679999999999999,1.6,2.2,0.706,1.3,6.1,7.4,1.6,1.0,0.7,1.5,1.7,8.7,POR,61,29.1,-1.86,3.13,1.27,4.86,9.2,98.38,33,7.68,330.5,33.0,9.0
Gary Harris,DEN,22,57,29,28,31.3,115.0,114.0,1.0,12.9,2.16,17.5,3.1,8.3,5.7,8.1,58.6,61.1,18.5,100.41,9.1,50,63,SG,22,31.3,5.6,11.2,0.502,1.9,4.5,0.42,3.7,6.7,0.5579999999999999,0.586,1.8,2.4,0.7759999999999999,0.8,2.3,3.1,2.9,1.2,0.1,1.3,1.6,14.9,DEN,57,31.3,2.88,-2.37,0.51,4.29,9.1,100.41,29,1.66,187.5,6.0,2.5
Terry Rozier,BOS,23,74,47,27,17.1,102.2,102.5,-0.2,16.4,2.79,21.2,3.4,16.2,9.8,7.6,43.7,46.6,17.2,98.27,9.1,179,307,PG,22,17.1,2.0,5.6,0.367,0.8,2.4,0.318,1.3,3.1,0.405,0.437,0.7,0.9,0.773,0.5,2.5,3.1,1.8,0.6,0.1,0.6,0.9,5.5,BOS,74,17.1,-1.05,-0.01,-1.06,1.65,9.1,98.27,47,1.91,208.0,2.0,6.0
Justin Anderson,PHI,23,75,24,51,16.4,101.8,108.3,-6.6,8.9,1.0,10.5,6.0,17.3,11.3,10.5,49.0,53.7,20.6,97.35,9.1,148,229,SF,23,16.4,2.5,5.9,0.424,0.8,2.6,0.299,1.7,3.3,0.522,0.49,1.4,1.7,0.7909999999999999,0.9,2.3,3.3,0.9,0.5,0.3,0.9,1.5,7.1,DAL/PHI,75,16.4,-1.36,-2.54,-3.9,-0.59,9.1,97.35,24,1.51,4.0,5.0,10.0
Amir Johnson,BOS,30,80,51,29,20.1,111.4,103.4,8.0,12.5,1.82,22.2,8.4,16.9,12.7,12.2,61.2,62.8,13.8,97.94,9.1,163,260,PF,29,20.1,2.7,4.6,0.5760000000000001,0.3,0.8,0.409,2.3,3.8,0.612,0.612,0.8,1.3,0.67,1.5,3.1,4.6,1.8,0.6,0.8,1.0,2.6,6.5,BOS,80,20.1,0.22,3.58,3.8,7.02,9.1,97.94,51,12.0,282.0,31.5,6.0
Joe Ingles,UTA,29,82,51,31,24.1,109.4,104.6,4.8,16.8,2.1,27.7,1.4,13.9,7.8,13.2,58.9,60.4,13.9,94.04,8.9,149,232,SF,29,24.0,2.5,5.5,0.452,1.5,3.4,0.441,1.0,2.1,0.471,0.589,0.6,0.8,0.735,0.3,2.9,3.2,2.7,1.2,0.1,1.3,2.0,7.1,UTAH,82,24.0,2.29,0.26,2.55,6.68,8.9,94.04,51,2.15,178.0,86.5,4.0
Cory Joseph,TOR,25,80,49,31,25.0,108.7,106.8,2.0,20.0,2.45,24.4,2.9,10.4,6.6,9.9,48.9,51.8,18.3,97.43,8.9,113,166,PG,25,25.0,3.7,8.3,0.452,0.6,1.7,0.356,3.1,6.6,0.477,0.489,1.2,1.5,0.77,0.6,2.3,2.9,3.3,0.8,0.2,1.4,1.8,9.3,TOR,80,25.0,-0.5,-1.94,-2.44,0.86,8.9,97.43,49,7.32,516.5,48.5,15.0
Tristan Thompson,CLE,26,78,50,28,30.0,110.6,107.7,2.9,4.6,1.2,11.5,13.5,19.6,16.6,9.5,60.0,59.4,11.2,98.28,8.9,134,203,C,25,29.9,3.4,5.6,0.6,0.0,0.0,0.0,3.4,5.6,0.604,0.6,1.4,2.7,0.498,3.7,5.5,9.2,1.0,0.5,1.1,0.8,2.3,8.1,CLE,78,29.9,-1.31,1.31,0.0,4.62,8.9,98.28,50,15.33,1365.5,368.0,211.0
Luis Scola,BKN,37,36,7,29,12.8,102.9,111.0,-8.0,12.4,1.09,15.5,11.4,21.3,16.2,14.3,52.6,55.0,18.5,102.58,8.9,185,323,PF,36,12.8,2.0,4.2,0.47,0.5,1.4,0.34,1.5,2.8,0.535,0.526,0.7,1.0,0.6759999999999999,1.4,2.4,3.9,1.0,0.4,0.1,0.9,1.8,5.1,BKN,36,12.8,-0.8,-0.29,-1.09,0.62,8.9,102.58,7,5.5,416.0,16.0,60.0
Devin Booker,PHX,20,78,24,54,35.0,105.6,110.0,-4.4,16.0,1.11,12.6,1.8,8.2,4.9,11.3,47.5,53.1,28.4,103.62,8.9,19,25,SG,20,35.0,7.8,18.3,0.423,1.9,5.2,0.363,5.9,13.2,0.447,0.475,4.7,5.7,0.8320000000000001,0.6,2.6,3.2,3.4,0.9,0.3,3.1,3.1,22.1,PHX,78,35.0,1.28,-2.58,-1.3,3.29,8.9,103.62,24,2.22,1210.5,1170.5,335.5
Markieff Morris,WAS,27,76,45,31,31.2,109.4,105.5,3.9,7.6,0.98,10.2,5.1,18.0,11.7,10.4,49.7,54.0,20.4,100.12,8.9,62,80,PF,27,31.2,5.3,11.7,0.457,0.9,2.6,0.362,4.4,9.1,0.483,0.497,2.4,2.8,0.8370000000000001,1.4,5.1,6.5,1.7,1.1,0.6,1.7,3.3,14.0,WSH,76,31.2,-0.55,2.41,1.86,7.61,8.9,100.12,45,7.4,331.5,9.0,18.0
Aaron Gordon,ORL,21,80,29,51,28.7,105.4,108.2,-2.8,9.7,1.69,12.5,5.4,14.1,9.6,7.4,49.9,53.0,20.0,99.7,8.8,72,101,SF,21,28.7,4.9,10.8,0.4539999999999999,1.0,3.3,0.288,4.0,7.5,0.528,0.499,2.0,2.7,0.7190000000000001,1.5,3.6,5.1,1.9,0.8,0.5,1.1,2.2,12.7,ORL,80,28.7,1.25,-0.78,0.47,5.32,8.8,99.7,29,4.35,666.0,42.5,16.0
Marco Belinelli,CHA,31,74,34,40,24.0,107.2,107.4,-0.1,13.1,2.1,16.2,0.9,10.4,5.6,7.7,51.2,56.6,19.3,97.98,8.8,95,135,SG,30,24.0,3.6,8.3,0.429,1.4,3.8,0.36,2.2,4.5,0.488,0.512,2.0,2.3,0.893,0.2,2.2,2.4,2.0,0.6,0.1,0.9,1.2,10.5,CHA,74,24.0,0.67,-1.87,-1.2,2.15,8.8,97.98,34,6.33,282.5,0.0,15.0
Evan Turner,POR,28,65,34,31,25.5,103.0,107.4,-4.5,19.6,2.05,22.7,2.4,14.4,8.2,11.1,45.4,49.1,18.6,99.29,8.8,123,181,SF,28,25.5,3.6,8.5,0.426,0.5,1.8,0.263,3.1,6.7,0.47,0.4539999999999999,1.3,1.6,0.825,0.6,3.2,3.8,3.2,0.8,0.4,1.5,1.9,9.0,POR,65,25.5,-3.04,0.15,-2.89,0.25,8.8,99.29,34,16.39,564.0,17.0,13.0
Alec Burks,UTA,25,42,26,16,15.5,105.0,104.9,0.1,7.4,0.86,8.6,2.9,18.0,10.3,10.1,45.0,50.1,21.9,95.94,8.7,155,247,SG,25,15.5,2.4,5.9,0.3989999999999999,0.6,1.8,0.3289999999999999,1.8,4.1,0.43,0.45,1.4,1.9,0.769,0.4,2.5,2.9,0.7,0.4,0.1,0.8,1.2,6.7,UTAH,42,15.5,-2.47,-0.94,-3.41,-0.12,8.7,95.94,26,10.15,111.0,10.0,15.0
Manu Ginobili,SAS,39,69,51,18,18.7,111.0,100.6,10.4,19.9,1.91,23.9,2.5,11.3,6.9,12.5,49.1,53.2,19.5,100.94,8.7,144,216,SG,39,18.7,2.5,6.4,0.39,1.3,3.3,0.392,1.2,3.1,0.387,0.491,1.2,1.6,0.804,0.4,1.9,2.3,2.7,1.2,0.2,1.4,1.7,7.5,SA,69,18.7,1.43,1.0,2.43,4.64,8.7,100.94,51,14.0,53.0,299.0,66.0
Sam Dekker,HOU,23,77,52,25,18.4,109.0,106.2,2.8,7.9,1.85,13.2,7.3,14.5,10.9,7.1,54.3,54.9,15.0,102.25,8.7,162,259,SF,22,18.4,2.6,5.6,0.473,0.8,2.4,0.321,1.9,3.1,0.591,0.5429999999999999,0.5,0.9,0.5589999999999999,1.2,2.5,3.7,1.0,0.5,0.3,0.5,1.1,6.5,HOU,77,18.4,0.05,-1.42,-1.37,1.64,8.7,102.25,52,1.72,331.0,139.0,13.0
Thabo Sefolosha,ATL,33,62,32,30,25.7,102.8,103.3,-0.5,9.9,1.84,18.0,3.8,14.8,9.4,9.8,49.2,51.9,13.4,99.53,8.6,147,227,SF,32,25.7,2.8,6.4,0.441,0.7,1.9,0.342,2.1,4.4,0.484,0.492,0.9,1.2,0.733,0.9,3.5,4.4,1.7,1.5,0.5,0.9,1.6,7.2,ATL,62,25.7,-1.93,2.27,0.34,3.55,8.6,99.53,32,3.85,280.0,28.5,17.5
Caris LeVert,BKN,22,57,15,42,21.7,104.9,107.6,-2.7,13.2,1.86,18.6,2.0,14.1,8.1,10.0,52.8,55.6,16.4,104.52,8.6,131,198,SF,22,21.7,3.0,6.7,0.45,1.0,3.2,0.321,2.0,3.4,0.5710000000000001,0.528,1.2,1.6,0.72,0.4,2.9,3.3,1.9,0.9,0.1,1.0,1.6,8.2,BKN,57,21.7,-0.46,-0.84,-1.3,1.53,8.6,104.52,15,1.56,198.5,0.0,28.0
Malik Beasley,DEN,20,22,12,10,7.5,111.0,96.0,15.0,9.8,1.38,11.4,3.6,7.2,5.6,8.3,51.4,53.6,22.2,103.72,8.6,206,375,SG,20,7.5,1.5,3.3,0.452,0.4,1.3,0.321,1.1,2.0,0.5329999999999999,0.514,0.4,0.5,0.8,0.2,0.5,0.8,0.5,0.3,0.0,0.4,0.5,3.8,DEN,22,7.5,-1.74,0.21,-1.53,0.18,8.6,103.72,12,1.63,159.0,0.0,14.0
Frank Kaminsky,CHA,24,75,31,44,26.1,108.3,107.3,0.9,13.1,2.13,14.6,3.3,15.8,9.6,6.9,47.1,50.2,22.0,98.15,8.5,78,111,C,23,26.1,4.3,10.7,0.3989999999999999,1.5,4.7,0.3279999999999999,2.7,6.0,0.455,0.471,1.6,2.1,0.7559999999999999,0.8,3.7,4.5,2.2,0.6,0.5,1.0,1.9,11.7,CHA,75,26.1,0.96,-0.51,0.45,4.4,8.5,98.15,31,2.73,517.0,112.5,29.0
Trevor Ariza,HOU,32,80,53,27,34.7,112.9,107.1,5.7,8.8,2.4,15.9,2.1,16.2,9.1,6.6,52.8,54.8,14.1,102.78,8.5,77,110,SF,31,34.7,4.1,10.0,0.409,2.4,6.9,0.344,1.7,3.0,0.556,0.528,1.2,1.6,0.738,0.7,5.1,5.7,2.2,1.8,0.3,0.9,1.7,11.7,HOU,80,34.7,0.86,1.07,1.93,9.29,8.5,102.78,53,7.81,417.5,10.0,15.0
Tyler Zeller,BOS,27,51,32,19,10.3,104.5,104.4,0.2,12.5,2.1,17.7,8.8,16.7,12.7,8.4,49.4,50.8,16.4,99.46,8.5,212,384,C,27,10.3,1.5,3.1,0.494,0.0,0.0,0.0,1.5,3.1,0.497,0.494,0.4,0.8,0.564,0.8,1.6,2.4,0.8,0.1,0.4,0.4,1.2,3.5,BOS,51,10.3,-2.5,0.2,-2.3,0.28,8.5,99.46,32,8.0,336.0,15.0,14.0
Evan Fournier,ORL,24,68,23,45,32.8,102.2,107.1,-4.9,14.4,1.43,14.5,2.1,8.1,5.0,10.1,50.8,55.5,23.3,99.6,8.5,38,48,SG,24,32.9,6.0,13.7,0.439,1.9,5.3,0.356,4.1,8.4,0.491,0.508,3.3,4.1,0.805,0.6,2.4,3.1,3.0,1.0,0.1,2.1,2.6,17.2,ORL,68,32.9,0.07,-1.17,-1.1,2.89,8.5,99.6,23,17.0,253.5,21.0,10.0
Jordan Clarkson,LAL,25,82,26,56,29.2,103.0,112.0,-8.9,14.3,1.3,14.0,2.2,9.3,5.7,10.8,50.0,52.6,23.2,101.34,8.4,51,65,SG,24,29.2,5.8,13.1,0.445,1.4,4.3,0.3289999999999999,4.4,8.7,0.503,0.5,1.6,2.0,0.7979999999999999,0.6,2.4,3.0,2.6,1.1,0.1,2.0,1.8,14.7,LAL,82,29.2,-0.63,-3.39,-4.02,-1.4,8.4,101.34,26,12.5,1386.5,55.5,179.5
Jerian Grant,CHI,24,63,29,34,16.3,106.4,103.8,2.6,17.2,2.75,24.3,1.8,10.0,5.9,8.8,50.7,55.5,16.3,97.0,8.4,171,289,PG,24,16.3,2.0,4.8,0.425,0.8,2.1,0.366,1.3,2.7,0.473,0.507,1.0,1.2,0.89,0.3,1.5,1.8,1.9,0.7,0.1,0.7,1.5,5.9,CHI,63,16.3,0.5,1.07,1.57,3.03,8.4,97.0,29,1.64,371.0,25.0,32.5
Chasson Randle,NYK,24,26,8,18,11.5,106.2,109.6,-3.4,17.3,1.79,20.0,2.2,9.7,6.0,11.2,49.0,58.6,19.7,98.49,8.4,182,314,PG,23,11.5,1.5,3.8,0.408,0.6,1.8,0.34,0.9,2.0,0.471,0.49,1.6,1.7,0.953,0.2,1.0,1.2,1.3,0.3,0.1,0.7,1.5,5.3,NY/PHI,26,11.5,-0.74,-1.36,-2.1,0.2,8.4,98.49,8,1.31,82.0,13.5,7.0
Buddy Hield,SAC,23,82,31,51,23.0,102.0,107.5,-5.5,10.1,1.2,11.8,2.0,13.4,7.7,9.9,52.3,54.1,21.4,98.9,8.4,92,132,SG,23,23.0,4.0,9.4,0.426,1.8,4.6,0.391,2.2,4.7,0.461,0.523,0.8,0.9,0.8420000000000001,0.4,2.9,3.3,1.5,0.5,0.1,1.2,1.4,10.6,NO/SAC,82,23.0,-0.92,-2.28,-3.2,-0.09,8.4,98.9,31,3.52,811.5,512.0,333.0
Quincy Acy,BKN,26,38,11,27,14.7,102.1,106.9,-4.7,5.3,0.86,7.6,4.1,19.2,11.7,8.9,52.1,56.5,16.9,101.09,8.3,174,292,PF,26,14.7,1.8,4.5,0.412,1.0,2.4,0.411,0.9,2.1,0.413,0.521,1.2,1.6,0.75,0.5,2.5,3.0,0.5,0.4,0.4,0.6,1.8,5.8,DAL/BKN,38,14.7,-2.38,-0.21,-2.59,0.01,8.3,101.09,11,1.79,179.0,4.0,4.0
Ian Mahinmi,WAS,30,31,19,12,17.9,104.3,104.0,0.3,5.0,0.56,9.6,9.8,20.4,15.2,17.3,58.6,60.1,14.0,98.9,8.2,175,301,C,30,17.9,2.1,3.6,0.586,0.0,0.0,,2.1,3.6,0.586,0.586,1.4,2.4,0.573,1.5,3.3,4.8,0.6,1.1,0.8,1.1,2.9,5.6,WSH,31,17.9,-2.22,3.11,0.89,1.44,8.2,98.9,19,15.94,162.5,10.0,5.0
Wayne Ellington,MIA,29,62,35,27,24.2,107.1,104.4,2.7,7.0,2.33,10.4,1.3,8.7,4.9,4.5,55.0,56.5,17.9,97.3,8.2,96,136,SG,29,24.2,3.7,9.0,0.416,2.4,6.4,0.3779999999999999,1.3,2.6,0.509,0.55,0.6,0.7,0.86,0.3,1.8,2.1,1.1,0.6,0.1,0.5,1.1,10.5,MIA,62,24.2,2.26,-1.6,0.66,3.58,8.2,97.3,35,6.0,204.0,18.0,12.0
Georgios Papagiannis,SAC,19,22,7,15,16.1,104.3,110.5,-6.2,8.5,0.83,13.1,9.0,18.3,14.2,15.8,54.9,57.3,16.9,96.93,8.2,176,302,C,19,16.1,2.5,4.6,0.5489999999999999,0.0,0.1,0.0,2.5,4.5,0.56,0.5489999999999999,0.5,0.6,0.857,1.1,2.8,3.9,0.9,0.1,0.8,1.1,2.0,5.6,SAC,22,16.1,-2.47,-0.3,-2.77,0.08,8.2,96.93,7,2.2,172.0,7.0,3.0
Eric Gordon,HOU,28,75,50,25,31.0,110.8,104.6,6.2,12.5,1.55,13.4,1.4,7.8,4.6,8.6,52.7,55.7,22.0,103.07,8.2,41,53,SG,28,31.0,5.5,13.5,0.406,3.3,8.8,0.372,2.2,4.7,0.4679999999999999,0.527,2.0,2.3,0.84,0.4,2.3,2.7,2.5,0.6,0.5,1.6,2.0,16.2,HOU,75,31.0,1.51,-0.48,1.03,6.36,8.2,103.07,50,12.39,346.0,55.0,26.0
Adreian Payne,MIN,26,18,5,13,7.5,102.6,101.8,0.8,8.9,0.88,9.0,6.9,20.0,13.2,10.3,45.4,50.5,22.4,96.52,8.2,210,381,PF,25,7.5,1.3,3.0,0.426,0.2,0.8,0.2,1.1,2.2,0.513,0.4539999999999999,0.8,1.1,0.737,0.5,1.3,1.8,0.4,0.4,0.4,0.4,1.8,3.5,MIN,18,7.5,-1.69,1.36,-0.33,0.24,8.2,96.52,5,2.02,166.0,0.0,13.0
Marcus Smart,BOS,23,79,51,28,30.4,107.2,104.7,2.5,22.6,2.29,26.3,3.6,10.7,7.1,11.5,42.2,48.6,18.5,100.29,8.1,94,134,SG,22,30.4,3.4,9.5,0.359,1.2,4.2,0.283,2.2,5.3,0.42,0.422,2.6,3.2,0.812,1.0,2.9,3.9,4.6,1.6,0.4,2.0,2.4,10.6,BOS,79,30.4,0.26,0.49,0.75,5.98,8.1,100.29,51,3.58,399.5,1.0,9.0
Reggie Bullock,DET,26,31,13,18,15.1,104.7,99.8,5.0,8.6,2.9,17.1,2.9,11.9,7.3,5.9,53.1,53.8,13.1,98.05,8.1,198,349,SF,25,15.1,1.7,4.1,0.422,0.9,2.4,0.384,0.8,1.8,0.473,0.531,0.2,0.2,0.7140000000000001,0.4,1.6,2.1,0.9,0.6,0.1,0.3,0.7,4.5,DET,31,15.1,-0.98,0.57,-0.41,0.79,8.1,98.05,13,2.26,125.0,20.0,13.0
Kyle Korver,CLE,36,67,33,34,26.2,104.6,109.5,-4.9,9.3,1.59,15.4,0.5,11.4,6.0,9.7,62.1,63.5,15.1,100.0,8.1,102,146,SG,35,26.2,3.6,7.7,0.4639999999999999,2.4,5.4,0.451,1.1,2.3,0.494,0.621,0.6,0.6,0.905,0.1,2.7,2.8,1.6,0.5,0.3,1.0,1.6,10.1,ATL/CLE,67,26.2,-0.15,-2.61,-2.76,0.41,8.1,100.0,33,5.24,842.5,107.5,30.5
Jodie Meeks,ORL,29,36,14,22,20.5,104.9,110.4,-5.4,8.9,1.25,12.2,0.7,11.4,5.9,9.7,51.2,56.7,19.6,100.24,8.1,121,177,SG,29,20.5,2.9,7.1,0.402,1.6,3.8,0.409,1.3,3.3,0.395,0.512,1.8,2.1,0.878,0.1,2.0,2.1,1.3,0.9,0.1,1.0,1.1,9.1,ORL,36,20.5,-0.05,-1.6,-1.65,0.7,8.1,100.24,14,6.54,173.0,36.5,15.0
Trey Burke,WAS,24,57,35,22,12.3,99.4,108.6,-9.2,23.0,2.08,24.1,1.2,6.5,3.8,11.5,51.6,53.2,20.5,96.37,8.1,189,329,PG,24,12.3,2.0,4.5,0.455,0.5,1.2,0.4429999999999999,1.5,3.2,0.4589999999999999,0.516,0.4,0.5,0.759,0.1,0.7,0.8,1.8,0.2,0.1,0.8,0.9,5.0,WSH,57,12.3,-2.15,-3.09,-5.24,-0.92,8.1,96.37,35,3.39,429.5,41.0,14.0
Marcus Morris,DET,27,79,36,43,32.5,102.8,105.7,-2.8,9.5,1.84,12.0,3.1,12.7,7.7,6.5,47.7,50.8,20.2,97.01,8.0,61,79,SF,27,32.5,5.3,12.7,0.418,1.5,4.5,0.331,3.8,8.2,0.466,0.477,1.8,2.3,0.784,1.0,3.7,4.6,2.0,0.7,0.3,1.1,2.1,14.0,DET,79,32.5,-0.11,0.63,0.52,5.85,8.0,97.01,36,4.62,5.5,6.0,23.0
Tony Allen,MEM,35,71,36,35,27.0,105.6,104.4,1.2,8.3,0.98,11.5,9.5,13.9,11.6,11.8,47.3,49.3,18.1,93.85,8.0,119,173,SG,35,27.0,3.9,8.4,0.461,0.2,0.8,0.278,3.6,7.6,0.479,0.473,1.1,1.8,0.615,2.3,3.2,5.5,1.4,1.6,0.4,1.4,2.5,9.1,MEM,71,27.0,-2.03,2.15,0.12,3.76,8.0,93.85,36,5.51,17.0,10.5,11.0
Jamal Crawford,LAC,37,82,51,31,26.3,106.7,108.4,-1.7,15.9,1.6,16.4,0.9,5.8,3.4,10.2,47.9,52.5,22.5,98.53,7.9,74,106,SG,36,26.3,4.4,10.6,0.413,1.4,3.9,0.36,3.0,6.7,0.4429999999999999,0.479,2.1,2.5,0.857,0.2,1.4,1.6,2.6,0.7,0.2,1.6,1.4,12.3,LAC,82,26.3,-0.06,-3.18,-3.24,-0.16,7.9,98.53,51,13.25,1010.0,49.0,32.0
Jared Dudley,PHX,31,64,17,47,21.3,102.9,103.9,-1.0,12.6,1.66,21.3,2.4,15.6,8.9,12.8,56.5,57.9,13.8,103.23,7.9,150,241,PF,31,21.3,2.5,5.4,0.4539999999999999,1.2,3.2,0.379,1.3,2.2,0.5589999999999999,0.565,0.7,1.0,0.662,0.5,3.0,3.5,1.9,0.7,0.3,1.1,2.4,6.8,PHX,64,21.3,-0.67,1.89,1.22,3.94,7.9,103.23,17,10.47,184.0,31.0,4.0
Shelvin Mack,UTA,27,55,34,21,21.9,105.1,104.8,0.3,21.0,1.71,23.4,2.0,9.9,6.0,13.7,49.5,51.8,19.5,93.44,7.9,138,208,PG,26,21.9,3.1,6.9,0.446,0.7,2.2,0.308,2.4,4.7,0.51,0.495,1.0,1.4,0.688,0.4,1.9,2.3,2.8,0.8,0.1,1.6,1.8,7.8,UTAH,55,21.9,-1.51,-1.28,-2.79,0.25,7.9,93.44,34,2.43,121.5,6.0,3.0
Kentavious Caldwell-Pope,DET,24,76,33,43,33.3,103.7,107.7,-4.0,11.1,2.24,15.0,2.2,8.7,5.3,6.7,48.1,51.9,19.1,97.61,7.8,64,82,SG,23,33.3,4.9,12.2,0.3989999999999999,2.0,5.8,0.35,2.9,6.5,0.442,0.481,2.0,2.4,0.8320000000000001,0.7,2.5,3.3,2.5,1.2,0.2,1.1,1.6,13.8,DET,76,33.3,0.71,-1.31,-0.6,4.02,7.8,97.61,33,3.68,223.5,9.0,10.0
Terrence Ross,ORL,26,78,39,39,25.1,111.1,107.7,3.4,6.6,1.29,9.4,1.0,10.8,5.8,7.3,53.2,55.0,18.9,99.82,7.8,84,120,SF,25,25.1,4.2,9.6,0.437,1.8,5.0,0.363,2.4,4.6,0.518,0.532,0.8,1.0,0.831,0.2,2.4,2.6,1.1,1.1,0.4,0.9,1.8,11.0,ORL/TOR,78,25.1,1.36,-1.23,0.13,4.06,7.8,99.82,39,10.0,446.5,0.0,0.0
Fred VanVleet,TOR,23,37,25,12,7.9,103.6,91.5,12.1,18.0,2.33,20.5,1.5,13.0,7.5,8.8,40.1,44.3,20.5,97.63,7.8,220,408,PG,22,7.9,1.1,3.0,0.351,0.3,0.8,0.379,0.8,2.2,0.341,0.401,0.5,0.6,0.818,0.1,1.0,1.1,0.9,0.4,0.1,0.4,1.0,2.9,TOR,37,7.9,-2.44,0.83,-1.61,0.28,7.8,97.63,25,1.31,116.5,0.0,17.5
Vince Carter,MEM,40,73,36,37,24.7,107.2,103.6,3.6,11.2,2.66,18.4,2.3,12.8,7.4,6.9,50.8,54.2,14.9,95.02,7.8,135,204,SF,40,24.6,2.6,6.7,0.3939999999999999,1.5,4.1,0.3779999999999999,1.1,2.7,0.418,0.508,1.2,1.6,0.765,0.5,2.6,3.1,1.8,0.8,0.5,0.7,2.2,8.0,MEM,73,24.7,1.36,-0.06,1.3,4.81,7.8,95.02,36,4.26,2891.5,0.0,7.0
Jamal Murray,DEN,20,82,40,42,21.5,109.1,108.1,1.0,14.2,1.5,16.0,2.6,10.4,6.6,10.6,48.3,51.8,21.6,101.15,7.8,105,154,SG,19,21.5,3.6,8.9,0.4039999999999999,1.4,4.2,0.3339999999999999,2.2,4.7,0.466,0.483,1.3,1.5,0.883,0.5,2.1,2.6,2.1,0.6,0.3,1.4,1.5,9.9,DEN,82,21.5,0.06,-1.57,-1.51,1.86,7.8,101.15,40,3.21,411.0,0.0,62.5
Courtney Lee,NYK,31,77,29,48,31.9,105.8,110.8,-4.9,10.4,2.59,18.0,2.3,9.2,5.7,6.9,53.3,55.9,14.5,97.86,7.7,90,128,SG,31,31.9,4.2,9.1,0.456,1.4,3.5,0.401,2.8,5.6,0.49,0.5329999999999999,1.1,1.3,0.867,0.7,2.7,3.4,2.3,1.1,0.3,0.9,1.8,10.8,NY,77,31.9,0.58,-1.51,-0.93,3.4,7.7,97.86,29,11.24,337.5,2.0,1.0
Luol Deng,LAL,32,56,18,38,26.5,102.0,108.4,-6.4,7.3,1.72,13.0,4.4,17.2,10.6,7.6,44.7,47.0,14.3,100.3,7.7,142,214,SF,31,26.5,2.9,7.6,0.387,0.9,2.9,0.309,2.0,4.6,0.436,0.447,0.8,1.1,0.73,1.1,4.1,5.3,1.3,0.9,0.4,0.8,1.1,7.6,LAL,56,26.5,-1.87,1.54,-0.33,2.69,7.7,100.3,18,18.0,838.0,22.0,13.5
Jeff Green,ORL,30,69,26,43,22.2,97.5,106.6,-9.1,8.9,1.08,10.3,2.7,12.5,7.5,9.5,44.2,50.5,20.4,98.84,7.7,115,168,PF,30,22.2,3.2,8.1,0.3939999999999999,0.8,2.8,0.275,2.4,5.3,0.4579999999999999,0.442,2.1,2.4,0.863,0.6,2.5,3.1,1.2,0.5,0.2,1.1,1.5,9.2,ORL,69,22.2,-2.03,-1.31,-3.34,-0.21,7.7,98.84,26,15.0,14.0,57.5,28.5
Henry Ellenson,DET,20,19,8,11,7.7,101.0,103.0,-2.0,7.4,0.5,7.9,5.6,23.4,14.4,15.8,43.8,44.4,24.8,95.74,7.6,215,395,PF,20,7.7,1.2,3.4,0.359,0.5,1.8,0.286,0.7,1.5,0.4479999999999999,0.4379999999999999,0.2,0.4,0.5,0.4,1.7,2.2,0.4,0.1,0.1,0.7,0.3,3.2,DET,19,7.7,-2.32,0.38,-1.94,0.1,7.6,95.74,8,1.7,147.0,6.5,5.0
Trey Lyles,UTA,21,71,43,28,16.3,103.9,103.0,0.9,9.8,1.08,11.4,4.7,17.8,11.3,10.5,43.6,46.4,21.4,94.43,7.6,167,273,PF,21,16.3,2.2,6.2,0.362,0.9,2.9,0.319,1.3,3.3,0.4,0.436,0.8,1.1,0.722,0.7,2.6,3.3,1.0,0.4,0.3,0.9,1.4,6.2,UTAH,71,16.3,-2.48,-0.23,-2.71,0.29,7.6,94.43,43,2.34,334.5,48.0,12.0
Cole Aldrich,MIN,28,62,23,39,8.6,107.3,107.5,-0.2,6.3,1.47,18.2,11.0,24.8,17.6,12.3,52.3,54.9,9.4,97.42,7.6,233,454,C,28,8.6,0.7,1.4,0.523,0.0,0.0,,0.7,1.4,0.523,0.523,0.2,0.4,0.682,0.8,1.7,2.5,0.4,0.4,0.4,0.3,1.4,1.7,MIN,62,8.6,-1.82,1.83,0.01,1.04,7.6,97.42,23,7.64,220.5,22.0,9.0
Nick Young,LAL,32,60,19,41,25.9,105.2,112.1,-6.9,5.7,1.61,7.6,1.7,8.1,4.7,4.7,56.4,58.8,19.5,100.59,7.5,70,93,SG,31,25.9,4.5,10.6,0.43,2.8,7.0,0.4039999999999999,1.7,3.5,0.481,0.564,1.3,1.5,0.856,0.4,1.9,2.3,1.0,0.6,0.2,0.6,2.3,13.2,LAL,60,25.9,2.28,-1.63,0.65,3.82,7.5,100.59,19,5.44,27.0,45.5,14.0
Jameer Nelson,DEN,35,75,34,41,27.3,110.8,109.7,1.1,25.8,3.01,33.6,1.5,8.9,5.2,11.2,53.1,54.4,15.7,100.06,7.5,118,172,PG,34,27.3,3.6,8.1,0.444,1.4,3.6,0.3879999999999999,2.2,4.4,0.489,0.531,0.6,0.8,0.7140000000000001,0.4,2.2,2.6,5.1,0.7,0.1,1.7,2.6,9.2,DEN,75,27.3,0.45,-0.44,0.01,4.17,7.5,100.06,34,4.54,369.0,0.0,9.0
Patrick Patterson,TOR,28,65,42,23,24.6,113.4,102.5,10.9,6.6,2.0,14.5,4.5,16.2,10.4,7.2,52.3,54.2,12.5,97.3,7.5,151,243,PF,27,24.6,2.4,5.9,0.401,1.4,3.9,0.372,0.9,2.0,0.4579999999999999,0.523,0.7,0.9,0.7170000000000001,1.0,3.6,4.5,1.2,0.6,0.4,0.6,1.8,6.8,TOR,65,24.6,1.05,1.26,2.31,5.4,7.5,97.3,42,6.05,8.0,53.5,8.0
Emmanuel Mudiay,DEN,21,55,25,30,25.6,106.8,112.3,-5.5,22.2,1.76,22.5,2.3,11.6,7.0,12.8,42.8,48.3,22.4,101.93,7.4,83,119,PG,20,25.6,3.8,10.0,0.377,1.0,3.2,0.315,2.8,6.8,0.408,0.428,2.4,3.0,0.784,0.5,2.7,3.2,3.9,0.7,0.2,2.2,1.7,11.0,DEN,55,25.6,-1.52,-2.38,-3.9,-0.71,7.4,101.93,25,3.24,545.0,69.0,21.0
Allen Crabbe,POR,25,79,39,40,28.5,106.1,108.9,-2.8,6.3,1.52,11.0,0.9,10.5,5.6,7.2,57.2,60.2,14.9,99.95,7.4,91,129,SG,24,28.5,3.8,8.2,0.4679999999999999,1.7,3.8,0.444,2.1,4.4,0.49,0.5720000000000001,1.3,1.6,0.847,0.2,2.6,2.9,1.2,0.7,0.3,0.8,2.2,10.7,POR,79,28.5,0.22,-2.87,-2.65,0.68,7.4,99.95,39,18.5,193.5,11.5,9.0
Udonis Haslem,MIA,37,16,6,10,8.1,82.7,106.5,-23.8,9.4,0.75,13.8,6.3,25.5,15.3,18.3,47.8,52.4,13.1,98.53,7.3,231,446,C,36,8.1,0.7,1.4,0.478,0.0,0.2,0.0,0.7,1.3,0.55,0.478,0.6,0.9,0.6,0.5,1.8,2.3,0.4,0.4,0.1,0.5,1.4,1.9,MIA,16,8.1,-2.79,0.73,-2.06,0.09,7.3,98.53,6,4.0,401.0,28.5,18.0
E'Twaun Moore,NOP,28,73,32,41,24.9,104.3,106.6,-2.4,13.8,2.65,18.7,1.9,7.0,4.4,7.1,51.9,53.7,17.4,100.16,7.3,107,158,SG,27,24.9,3.9,8.5,0.457,1.1,2.8,0.37,2.8,5.6,0.501,0.519,0.8,1.0,0.77,0.5,1.6,2.1,2.2,0.7,0.4,0.8,1.8,9.6,NO,73,24.9,-0.24,-1.58,-1.82,1.5,7.3,100.16,32,8.08,151.0,0.0,10.0
Omer Asik,NOP,30,31,12,19,15.6,99.4,104.4,-4.9,4.4,1.07,13.5,10.1,25.2,17.5,12.6,47.7,51.7,8.8,99.64,7.3,222,418,C,30,15.5,1.0,2.1,0.477,0.0,0.0,,1.0,2.1,0.477,0.477,0.7,1.3,0.59,1.5,3.7,5.3,0.5,0.2,0.3,0.5,1.6,2.7,NO,31,15.5,-2.97,1.94,-1.03,0.65,7.3,99.64,12,9.9,8.0,,
Noah Vonleh,POR,21,74,38,36,17.1,103.0,105.1,-2.0,3.6,0.48,7.6,11.1,22.4,16.7,15.7,49.4,52.5,13.1,98.18,7.3,200,358,PF,21,17.1,1.8,3.6,0.481,0.1,0.3,0.35,1.7,3.4,0.492,0.494,0.8,1.3,0.638,1.8,3.5,5.2,0.4,0.4,0.4,0.9,2.1,4.4,POR,74,17.1,-4.02,1.03,-2.99,0.11,7.3,98.18,38,2.75,218.0,23.5,12.0
Gerald Henderson,PHI,29,72,24,48,23.2,99.7,108.1,-8.4,10.8,1.81,14.0,2.2,10.4,6.2,7.8,47.8,52.9,17.9,100.88,7.3,116,169,SG,29,23.2,3.3,7.7,0.423,0.8,2.4,0.353,2.4,5.3,0.455,0.478,1.8,2.3,0.8059999999999999,0.5,2.1,2.6,1.6,0.6,0.2,0.9,1.8,9.2,PHI,72,23.2,-1.51,-2.42,-3.93,-0.87,7.3,100.88,24,9.0,105.0,1.0,8.0
Ryan Kelly,ATL,26,16,6,10,6.9,97.3,94.7,2.6,11.6,2.0,18.8,1.0,16.8,8.9,9.4,35.7,40.8,14.7,96.26,7.3,236,459,PF,25,6.9,0.5,1.8,0.286,0.3,0.6,0.4,0.3,1.1,0.222,0.357,0.3,0.4,0.833,0.1,1.1,1.1,0.5,0.3,0.3,0.3,0.3,1.6,ATL,16,6.9,-1.94,1.45,-0.49,0.08,7.3,96.26,6,1.58,23.0,17.0,10.0
Briante Weber,CHA,24,20,12,8,10.3,102.3,113.2,-10.8,16.8,2.63,21.9,4.3,12.6,7.9,8.3,42.5,46.2,17.3,91.12,7.2,217,399,PG,24,10.3,1.3,3.0,0.417,0.1,0.5,0.1,1.2,2.5,0.48,0.425,0.6,0.8,0.688,0.4,0.9,1.3,1.1,0.6,0.1,0.4,0.8,3.1,GS/CHA,20,10.3,-2.02,-1.29,-3.31,-0.02,7.2,91.12,12,1.47,81.5,29.5,14.0
Thon Maker,MIL,20,57,31,26,9.9,106.7,105.4,1.3,6.9,1.35,9.5,8.1,16.7,12.2,7.0,53.6,55.8,18.7,94.0,7.2,203,370,C,19,9.9,1.5,3.2,0.4589999999999999,0.5,1.3,0.3779999999999999,1.0,1.9,0.514,0.536,0.6,0.9,0.653,0.7,1.3,2.0,0.4,0.2,0.5,0.3,1.5,4.0,MIL,57,9.9,-1.23,0.17,-1.06,0.7,7.2,94.0,31,2.57,976.0,0.0,39.5
DeMarre Carroll,TOR,30,72,44,28,26.1,109.5,106.3,3.3,5.6,1.37,10.1,3.8,12.6,8.3,7.4,49.9,53.0,15.6,96.82,7.1,124,182,SF,30,26.1,3.1,7.6,0.4,1.5,4.4,0.341,1.5,3.2,0.483,0.499,1.2,1.6,0.7609999999999999,0.9,2.9,3.8,1.0,1.1,0.4,0.8,2.0,8.9,TOR,72,26.1,0.0,0.83,0.83,4.66,7.1,96.82,44,14.2,363.5,29.5,8.0
Garrett Temple,SAC,31,65,25,40,26.6,104.6,109.7,-5.1,14.6,2.15,23.6,2.2,10.1,6.2,11.0,51.9,54.5,14.2,97.51,7.1,140,211,SG,30,26.6,2.8,6.6,0.424,1.3,3.4,0.373,1.6,3.3,0.476,0.519,0.9,1.1,0.784,0.5,2.3,2.8,2.6,1.3,0.4,1.2,2.2,7.8,SAC,65,26.6,-0.14,-0.46,-0.6,2.67,7.1,97.51,25,8.0,100.0,2.0,1.0
Boris Diaw,UTA,35,73,45,28,17.6,106.0,103.6,2.4,20.7,1.95,28.4,4.3,10.3,7.3,14.5,47.7,49.4,15.8,93.08,7.1,195,343,PF,34,17.6,2.0,4.5,0.446,0.3,1.1,0.247,1.7,3.4,0.512,0.477,0.4,0.5,0.743,0.6,1.5,2.2,2.3,0.2,0.1,1.2,1.1,4.6,UTAH,73,17.6,-2.58,-0.5,-3.08,0.03,7.1,93.08,45,7.0,489.5,136.5,13.0
Jaylen Brown,BOS,20,78,50,28,17.2,103.0,105.1,-2.2,7.7,0.94,10.5,3.8,14.6,9.2,11.2,50.8,53.9,18.3,99.02,7.1,157,253,SF,20,17.2,2.5,5.4,0.4539999999999999,0.6,1.7,0.341,1.9,3.7,0.507,0.508,1.1,1.6,0.685,0.6,2.2,2.8,0.8,0.4,0.2,0.9,1.8,6.6,BOS,78,17.2,-2.95,-0.42,-3.37,-0.21,7.1,99.02,50,4.74,441.0,0.0,100.0
Michael Carter-Williams,CHI,25,45,25,20,18.8,103.3,104.1,-0.8,20.3,1.71,21.8,2.9,16.9,9.7,12.7,39.1,43.7,20.7,98.47,7.0,158,254,PG,25,18.8,2.5,6.8,0.366,0.3,1.4,0.2339999999999999,2.2,5.4,0.401,0.391,1.3,1.7,0.753,0.5,2.9,3.4,2.5,0.8,0.5,1.5,2.3,6.6,CHI,45,18.8,-2.82,1.12,-1.7,0.77,7.0,98.47,25,3.18,645.0,0.0,5.0
Tyler Ennis,LAL,22,53,28,25,11.1,103.5,103.7,-0.2,21.1,1.91,24.6,1.7,7.2,4.4,12.9,49.8,52.1,19.4,100.23,7.0,201,360,PG,22,11.1,1.7,3.9,0.433,0.5,1.3,0.386,1.2,2.6,0.457,0.498,0.4,0.5,0.84,0.2,0.7,0.8,1.6,0.5,0.0,0.8,1.1,4.3,HOU/LAL,53,11.1,-1.36,-0.51,-1.87,0.49,7.0,100.23,28,1.73,18.0,11.0,6.0
Jonas Jerebko,BOS,30,78,51,27,15.8,108.9,105.7,3.2,8.1,1.82,18.3,5.5,19.2,12.5,10.0,52.1,53.7,11.5,98.94,6.9,208,377,PF,29,15.8,1.5,3.4,0.435,0.6,1.7,0.346,0.9,1.7,0.523,0.521,0.3,0.5,0.703,0.8,2.7,3.5,0.9,0.3,0.2,0.5,1.6,3.8,BOS,78,15.8,-0.89,-0.14,-1.03,1.63,6.9,98.94,51,5.0,215.5,7.0,17.0
Maurice Harkless,POR,24,77,38,39,28.9,111.7,108.3,3.4,5.6,1.02,10.3,6.2,10.7,8.5,10.1,55.8,57.0,15.1,99.45,6.9,104,151,SF,23,28.9,4.1,8.1,0.503,0.9,2.5,0.351,3.2,5.6,0.5720000000000001,0.5579999999999999,1.0,1.6,0.621,1.6,2.8,4.4,1.1,1.1,0.9,1.1,2.8,10.0,POR,77,28.9,0.38,0.49,0.87,5.67,6.9,99.45,38,8.99,204.5,0.0,14.5
Jarell Martin,MEM,23,42,23,19,13.3,95.4,99.5,-4.1,2.5,0.29,3.8,7.8,24.0,15.6,13.4,41.4,47.7,16.1,97.39,6.9,205,374,PF,22,13.3,1.4,3.6,0.384,0.2,0.6,0.36,1.2,3.0,0.389,0.414,1.0,1.2,0.8,1.0,2.9,3.9,0.2,0.4,0.2,0.7,2.2,3.9,MEM,42,13.3,-4.23,1.17,-3.06,0.02,6.9,97.39,23,1.47,80.5,2.0,4.0
Danny Green,SAS,30,68,51,17,26.6,108.9,101.1,7.8,9.7,1.63,18.7,2.0,11.6,7.0,11.5,52.3,53.7,13.7,94.47,6.9,145,224,SG,29,26.6,2.6,6.6,0.392,1.7,4.6,0.379,0.9,2.0,0.42,0.523,0.4,0.5,0.8440000000000001,0.5,2.8,3.3,1.8,1.0,0.8,1.1,1.8,7.3,SA,68,26.6,-0.45,1.71,1.26,4.83,6.9,94.47,51,10.0,6.0,0.0,15.0
Josh Richardson,MIA,23,53,23,30,30.5,104.4,103.3,1.2,12.8,2.15,18.6,2.3,9.5,5.7,8.6,46.7,49.3,16.8,97.52,6.9,101,145,SG,23,30.5,3.8,9.7,0.3939999999999999,1.4,4.3,0.33,2.4,5.4,0.444,0.467,1.1,1.5,0.779,0.7,2.5,3.2,2.6,1.1,0.7,1.2,2.5,10.2,MIA,53,30.5,-1.63,0.06,-1.57,1.57,6.9,97.52,23,1.47,192.0,42.0,10.0
Austin Rivers,LAC,24,74,43,31,27.8,107.9,108.0,-0.1,15.5,1.77,18.0,1.1,7.6,4.4,10.1,51.8,54.5,20.3,98.18,6.9,75,107,SG,24,27.8,4.4,9.9,0.442,1.5,4.0,0.371,2.9,5.8,0.491,0.518,1.8,2.6,0.691,0.3,1.9,2.2,2.8,0.6,0.1,1.6,2.5,12.0,LAC,74,27.8,-0.17,-1.73,-1.9,1.62,6.9,98.18,43,11.0,525.0,75.5,23.0
Dante Cunningham,NOP,30,66,28,38,25.0,105.9,106.1,-0.3,3.1,1.32,8.5,3.6,14.4,9.0,6.4,58.4,58.6,10.8,99.77,6.8,159,255,SF,29,25.0,2.6,5.4,0.485,1.1,2.7,0.392,1.6,2.7,0.579,0.584,0.2,0.4,0.593,0.8,3.3,4.2,0.6,0.6,0.4,0.4,1.5,6.6,NO,66,25.0,-0.37,-0.56,-0.93,2.29,6.8,99.77,28,2.98,97.5,0.0,3.0
Langston Galloway,SAC,25,74,29,45,20.2,103.1,104.6,-1.5,9.8,2.02,13.1,1.9,9.4,5.6,6.5,49.0,51.0,18.5,99.48,6.7,137,207,PG,25,20.2,2.8,7.4,0.38,1.6,4.2,0.39,1.2,3.2,0.367,0.49,0.7,0.9,0.797,0.4,1.7,2.1,1.3,0.6,0.1,0.6,1.3,7.9,NO/SAC,74,20.2,0.1,-1.65,-1.55,1.46,6.7,99.48,29,5.2,146.0,14.5,2.0
Nik Stauskas,PHI,23,80,27,53,27.3,102.4,107.1,-4.8,12.9,1.47,18.5,1.1,10.2,5.7,12.6,50.0,54.0,16.4,100.28,6.7,110,162,SG,23,27.4,3.1,7.9,0.396,1.7,4.5,0.368,1.5,3.4,0.433,0.5,1.5,1.9,0.813,0.3,2.6,2.8,2.4,0.6,0.4,1.6,1.8,9.5,PHI,80,27.4,-0.32,-2.25,-2.57,0.78,6.7,100.28,27,2.99,451.0,28.0,11.0
Matthew Dellavedova,MIL,26,76,39,37,26.1,106.0,107.0,-1.1,25.9,2.68,33.5,1.4,7.2,4.3,12.5,46.3,50.1,16.1,97.5,6.6,141,213,PG,26,26.1,2.7,7.0,0.39,1.0,2.8,0.367,1.7,4.2,0.4039999999999999,0.4629999999999999,1.1,1.3,0.8540000000000001,0.3,1.6,1.9,4.7,0.7,0.0,1.8,2.0,7.6,MIL,76,26.1,-0.88,-1.01,-1.89,1.54,6.6,97.5,39,9.61,910.5,175.0,30.0
Troy Daniels,MEM,25,67,33,34,17.7,104.6,104.3,0.3,6.5,1.02,7.5,2.0,7.7,4.7,7.4,51.3,53.1,21.0,95.85,6.5,129,195,SG,25,17.7,2.8,7.4,0.374,2.1,5.3,0.389,0.7,2.1,0.336,0.513,0.6,0.8,0.7959999999999999,0.3,1.2,1.5,0.7,0.3,0.1,0.7,1.3,8.2,MEM,67,17.7,-0.02,-2.1,-2.12,0.72,6.5,95.85,33,3.33,106.0,30.0,10.0
Malcolm Delaney,ATL,28,73,37,36,17.1,102.2,100.0,2.2,24.1,2.03,26.9,0.9,10.4,5.6,13.3,40.7,45.6,18.7,98.7,6.4,180,309,PG,27,17.1,2.0,5.3,0.374,0.4,1.5,0.236,1.6,3.8,0.428,0.407,1.0,1.3,0.8059999999999999,0.1,1.5,1.7,2.6,0.5,0.0,1.3,1.5,5.4,ATL,73,17.1,-2.64,-0.25,-2.89,0.18,6.4,98.7,37,2.5,183.5,1.0,1.0
Tomas Satoransky,WAS,25,57,33,24,12.6,104.7,102.4,2.3,18.3,2.42,31.6,4.1,8.9,6.6,13.0,44.6,47.7,12.7,95.69,6.4,223,422,SG,25,12.6,1.1,2.6,0.415,0.2,0.6,0.243,0.9,1.9,0.473,0.446,0.4,0.6,0.6970000000000001,0.4,1.0,1.5,1.6,0.5,0.1,0.7,1.1,2.7,WSH,57,12.6,-2.1,1.08,-1.02,0.93,6.4,95.69,33,2.87,4.0,7.0,8.5
James Young,BOS,21,29,16,13,7.6,100.7,106.4,-5.8,3.0,1.0,5.7,2.8,10.4,6.4,5.7,53.4,54.9,13.2,100.01,6.4,229,437,SG,21,7.6,0.9,2.0,0.431,0.4,1.2,0.3429999999999999,0.4,0.8,0.565,0.534,0.2,0.3,0.667,0.2,0.7,0.9,0.1,0.3,0.1,0.1,0.5,2.3,BOS,29,7.6,-1.88,-0.28,-2.16,0.14,6.4,100.01,16,1.83,12.0,0.0,12.0
Marquese Chriss,PHX,19,82,24,58,21.3,102.5,113.3,-10.8,5.1,0.56,6.8,5.8,16.4,10.9,12.3,50.6,52.9,19.6,103.56,6.3,114,167,PF,19,21.3,3.5,7.7,0.449,0.9,2.7,0.321,2.6,5.0,0.52,0.506,1.4,2.2,0.624,1.2,3.1,4.2,0.7,0.8,0.9,1.3,3.2,9.2,PHX,82,21.3,-1.96,-1.82,-3.78,-0.76,6.3,103.56,24,2.94,252.0,0.0,22.0
Aaron Brooks,IND,32,65,36,29,13.7,101.5,104.6,-3.0,21.6,1.89,24.6,2.2,6.4,4.3,13.0,48.3,50.7,19.1,96.55,6.2,188,328,PG,32,13.8,1.9,4.6,0.4029999999999999,0.7,2.0,0.375,1.1,2.6,0.424,0.483,0.5,0.6,0.8,0.3,0.8,1.1,1.9,0.4,0.1,1.0,1.4,5.0,IND,65,13.8,-1.81,-1.47,-3.28,-0.09,6.2,96.55,36,2.7,10.0,1.0,3.0
Meyers Leonard,POR,25,74,37,37,16.5,105.0,107.6,-2.6,8.5,2.03,14.2,2.4,19.4,10.8,7.0,48.4,50.7,15.7,99.44,6.1,181,311,PF,24,16.5,2.0,5.1,0.386,1.0,2.9,0.347,1.0,2.2,0.436,0.484,0.5,0.5,0.875,0.4,2.8,3.2,1.0,0.2,0.4,0.5,2.3,5.4,POR,74,16.5,-1.5,0.26,-1.24,1.48,6.1,99.44,37,9.21,276.0,149.0,31.0
Jordan Mickey,BOS,22,25,9,16,5.6,99.1,116.1,-17.1,8.4,0.78,12.5,9.9,20.2,14.5,16.0,44.1,47.3,15.7,97.66,6.0,237,460,PF,22,5.6,0.6,1.4,0.441,0.0,0.0,0.0,0.6,1.3,0.455,0.441,0.3,0.6,0.5710000000000001,0.5,0.8,1.4,0.3,0.1,0.2,0.4,0.5,1.5,BOS,25,5.6,-2.62,-0.15,-2.77,0.03,6.0,97.66,9,1.47,129.5,0.0,3.0
Ben McLemore,SAC,24,61,27,34,19.3,102.0,108.5,-6.5,6.8,0.82,8.9,1.9,10.6,6.3,10.8,50.7,53.8,20.1,97.04,6.0,133,202,SG,23,19.3,3.0,6.9,0.43,1.1,2.8,0.382,1.9,4.1,0.462,0.507,1.1,1.5,0.753,0.3,1.8,2.1,0.8,0.5,0.1,1.0,1.8,8.1,SAC,61,19.3,-2.88,-1.58,-4.46,-0.99,6.0,97.04,27,4.01,272.5,30.0,17.0
Justise Winslow,MIA,21,18,4,14,34.7,101.1,101.5,-0.4,15.3,2.0,19.1,4.0,12.2,8.1,9.6,37.1,39.9,20.0,97.53,5.9,87,124,SF,20,34.7,4.4,12.5,0.356,0.4,1.9,0.2,4.1,10.6,0.384,0.371,1.6,2.6,0.617,1.3,3.9,5.2,3.7,1.4,0.3,1.8,2.9,10.9,MIA,18,34.7,-4.08,0.16,-3.92,-0.31,5.9,97.53,4,2.59,573.0,88.5,33.5
Andre Roberson,OKC,25,79,46,33,30.1,106.1,103.3,2.8,4.5,1.55,12.3,4.6,13.8,9.2,7.9,51.3,51.0,10.0,101.08,5.9,161,257,SF,25,30.1,2.7,5.9,0.4639999999999999,0.6,2.3,0.245,2.2,3.5,0.609,0.513,0.6,1.4,0.423,1.2,3.9,5.1,1.0,1.2,1.0,0.6,2.6,6.6,OKC,79,30.1,-1.4,2.64,1.24,6.73,5.9,101.08,46,2.18,7.5,10.0,8.0
Mario Hezonja,ORL,22,65,20,45,14.8,94.5,109.6,-15.1,11.0,1.07,13.1,2.1,15.1,8.2,12.3,42.0,45.0,19.1,97.48,5.9,191,335,SF,21,14.8,1.8,5.1,0.355,0.7,2.2,0.299,1.1,2.9,0.3979999999999999,0.42,0.6,0.8,0.8,0.3,1.9,2.2,1.0,0.5,0.2,0.9,1.1,4.9,ORL,65,14.8,-4.4,-2.2,-6.6,-2.09,5.9,97.48,20,3.91,396.5,272.0,207.0
Denzel Valentine,CHI,23,57,28,29,17.1,104.0,104.5,-0.5,9.5,1.29,15.4,1.2,16.1,8.5,12.0,48.1,49.2,15.6,97.94,5.8,186,326,SG,23,17.1,1.8,5.1,0.354,1.3,3.6,0.351,0.5,1.4,0.363,0.481,0.2,0.3,0.778,0.2,2.5,2.6,1.1,0.5,0.1,0.9,1.5,5.1,CHI,57,17.1,-2.21,0.13,-2.08,0.64,5.8,97.94,28,2.09,403.0,23.0,24.0
Anthony Brown,ORL,24,11,3,8,14.5,102.0,100.7,1.3,8.0,1.33,12.5,4.8,16.3,10.4,9.4,43.0,43.0,15.8,94.67,5.8,204,373,SF,24,14.5,1.6,4.5,0.36,0.6,2.5,0.259,1.0,2.1,0.478,0.43,0.0,0.0,,0.7,2.3,3.0,0.7,0.5,0.1,0.5,1.4,3.9,NO/ORL,11,14.5,-1.42,-0.34,-1.76,0.08,5.8,94.67,3,0.06,11.0,3.0,3.0
Mike Scott,ATL,28,18,7,11,10.8,93.3,101.7,-8.5,15.0,2.13,19.4,5.3,17.1,10.6,9.1,32.2,36.0,16.5,97.93,5.8,227,432,PF,28,10.8,0.9,3.3,0.288,0.2,1.5,0.148,0.7,1.8,0.406,0.322,0.4,0.4,0.875,0.6,1.5,2.1,0.9,0.2,0.2,0.4,0.7,2.5,ATL,18,10.8,-2.92,0.26,-2.66,0.06,5.8,97.93,7,3.33,7.0,2.0,1.0
Corey Brewer,LAL,31,82,47,35,15.6,107.5,104.6,3.0,10.4,1.76,18.3,2.7,11.8,7.2,10.4,46.1,49.1,14.5,101.21,5.7,197,348,SF,30,15.6,1.8,4.2,0.422,0.3,1.4,0.2289999999999999,1.5,2.8,0.522,0.461,0.6,0.8,0.735,0.4,1.6,2.0,1.2,0.7,0.2,0.7,1.6,4.5,HOU/LAL,82,15.6,-1.75,1.0,-0.75,1.99,5.7,101.21,47,7.61,314.0,51.5,15.5
Randy Foye,BKN,33,69,17,52,18.6,101.9,108.9,-7.0,15.3,1.69,23.8,0.7,12.4,6.5,14.1,46.6,50.6,14.5,103.71,5.7,183,318,SG,33,18.6,1.7,4.7,0.363,1.0,2.9,0.33,0.7,1.8,0.418,0.466,0.8,0.9,0.857,0.1,2.1,2.2,2.0,0.5,0.1,1.2,1.4,5.2,BKN,69,18.6,-2.7,-1.42,-4.12,-0.85,5.7,103.71,17,2.5,267.5,2.0,4.0
Chandler Parsons,MEM,28,34,18,16,19.8,104.1,107.6,-3.6,12.2,2.29,17.2,1.0,14.1,7.3,7.5,39.4,43.6,18.4,94.04,5.6,168,275,SF,28,19.9,2.2,6.5,0.3379999999999999,0.7,2.7,0.2689999999999999,1.5,3.8,0.3879999999999999,0.3939999999999999,1.0,1.3,0.8140000000000001,0.2,2.3,2.5,1.6,0.6,0.1,0.7,1.5,6.2,MEM,34,19.9,-3.51,-0.33,-3.84,-0.29,5.6,94.04,18,22.12,555.5,59.0,16.0
Isaiah Canaan,CHI,26,39,19,20,15.2,99.9,106.7,-6.8,9.9,1.76,15.1,1.0,8.2,4.5,8.6,43.6,48.3,15.6,96.46,5.6,194,342,SG,25,15.2,1.6,4.4,0.364,0.6,2.4,0.266,1.0,2.0,0.481,0.436,0.8,0.8,0.909,0.2,1.1,1.3,0.9,0.6,0.0,0.5,0.9,4.6,CHI,39,15.2,-3.0,-1.12,-4.12,-0.37,5.6,96.46,19,1.02,180.5,24.5,8.0
Brandon Ingram,LAL,19,79,26,53,28.9,104.6,112.6,-8.0,10.5,1.43,15.6,2.8,12.8,7.6,10.9,44.2,47.4,16.9,100.45,5.5,112,164,SF,19,28.8,3.5,8.7,0.402,0.7,2.4,0.294,2.8,6.3,0.4429999999999999,0.442,1.7,2.7,0.621,0.8,3.2,4.0,2.1,0.6,0.5,1.5,2.0,9.4,LAL,79,28.8,-1.76,-2.93,-4.69,-2.32,5.5,100.45,26,5.28,1203.0,194.0,100.0
Anthony Morrow,CHI,31,49,25,24,14.6,104.6,106.4,-1.8,5.2,4.17,8.4,1.8,3.0,2.4,2.0,47.0,50.5,16.1,99.75,5.5,178,306,SG,31,14.6,2.0,5.1,0.389,0.8,2.7,0.308,1.2,2.4,0.479,0.47,0.7,0.8,0.919,0.2,0.4,0.6,0.5,0.5,0.0,0.1,0.9,5.5,CHI/OKC,49,14.6,-0.66,-1.46,-2.12,0.46,5.5,99.75,25,3.49,177.5,0.0,5.0
Troy Williams,HOU,22,30,19,11,18.6,100.1,105.5,-5.4,7.2,0.78,10.5,2.9,10.7,6.8,13.4,49.1,51.1,17.1,98.77,5.5,169,278,SF,22,18.6,2.4,5.6,0.437,0.6,2.1,0.29,1.8,3.5,0.524,0.491,0.7,1.1,0.6559999999999999,0.5,1.8,2.3,0.8,0.9,0.3,1.1,2.0,6.2,HOU/MEM,30,18.6,-3.06,-0.45,-3.51,-0.14,5.5,98.77,19,1.58,72.0,5.0,9.0
Dante Exum,UTA,21,66,40,26,18.6,103.6,101.6,2.0,14.4,1.39,18.9,2.9,9.1,6.1,13.6,48.8,52.1,18.1,94.42,5.4,165,270,PG,21,18.6,2.3,5.5,0.427,0.7,2.3,0.295,1.7,3.2,0.519,0.488,0.9,1.1,0.795,0.5,1.5,2.0,1.7,0.3,0.2,1.2,2.2,6.2,UTAH,66,18.6,-2.14,-0.65,-2.79,0.25,5.4,94.42,40,3.94,483.0,48.5,28.0
Andrew Harrison,MEM,22,72,38,34,20.5,102.3,102.5,-0.3,20.9,2.33,27.2,1.7,9.0,5.3,11.7,38.5,47.7,16.4,94.76,5.3,172,290,PG,22,20.5,1.6,5.0,0.325,0.6,2.2,0.276,1.0,2.8,0.363,0.385,2.1,2.7,0.763,0.3,1.6,1.9,2.8,0.7,0.3,1.2,2.7,5.9,MEM,72,20.5,-1.2,-0.38,-1.58,1.38,5.3,94.76,38,1.31,5.0,0.0,17.0
Rashad Vaughn,MIL,20,41,18,23,11.2,99.4,107.0,-7.6,8.5,1.64,11.8,1.0,11.2,6.0,7.2,44.9,44.9,17.3,96.36,5.2,211,383,SG,20,11.2,1.4,3.8,0.365,0.6,2.0,0.321,0.8,1.8,0.413,0.449,0.0,0.1,0.4,0.1,1.1,1.2,0.6,0.5,0.2,0.3,0.8,3.5,MIL,41,11.2,-3.44,-0.89,-4.33,-0.35,5.2,96.36,18,1.81,128.0,2.0,7.0
Kris Dunn,MIN,23,78,30,48,17.1,105.7,108.6,-2.8,20.0,2.11,30.5,2.1,13.1,7.4,14.4,41.1,43.2,14.2,96.78,5.1,207,376,PG,22,17.1,1.5,4.0,0.377,0.3,0.9,0.288,1.2,3.1,0.4039999999999999,0.411,0.5,0.8,0.61,0.3,1.8,2.1,2.4,1.0,0.5,1.1,2.3,3.8,MIN,78,17.1,-2.64,-0.41,-3.05,0.06,5.1,96.78,30,3.87,597.5,165.0,47.0
Jarrett Jack,NOP,33,2,1,1,16.5,88.1,102.4,-14.3,26.3,1.67,42.1,0.0,0.0,0.0,25.3,66.7,77.3,9.0,97.67,5.1,218,400,PG,33,16.5,1.0,1.5,0.667,0.0,0.5,0.0,1.0,1.0,1.0,0.667,1.0,1.0,1.0,0.0,0.0,0.0,2.5,1.0,0.0,1.5,2.0,3.0,NO,2,16.5,-1.85,0.01,-1.84,0.03,5.1,97.67,1,0.06,245.5,11.5,7.0
Domantas Sabonis,OKC,21,81,46,35,20.1,102.0,101.9,0.2,7.3,0.99,12.1,3.2,16.4,9.8,12.3,45.2,46.9,15.8,99.61,4.9,173,291,PF,20,20.1,2.4,5.9,0.3989999999999999,0.6,2.0,0.321,1.7,4.0,0.4379999999999999,0.452,0.5,0.8,0.657,0.6,3.0,3.6,1.0,0.5,0.4,1.0,2.5,5.9,OKC,81,20.1,-3.9,1.86,-2.04,1.14,4.9,99.61,46,2.44,550.5,0.0,82.0
Rakeem Christmas,IND,25,29,14,15,7.6,97.7,108.3,-10.6,2.7,0.5,5.9,12.7,15.7,14.1,11.8,44.2,52.9,12.3,98.43,4.9,230,442,PF,25,7.6,0.7,1.5,0.442,0.0,0.0,,0.7,1.5,0.442,0.442,0.7,1.0,0.7240000000000001,0.9,1.0,1.9,0.1,0.1,0.2,0.3,1.3,2.0,IND,29,7.6,-2.2,0.5,-1.7,0.2,4.9,98.43,14,1.47,185.0,13.0,3.0
Stanley Johnson,DET,21,77,35,42,17.8,104.0,103.7,0.2,10.6,1.48,18.6,2.9,12.9,7.7,12.6,41.5,43.6,14.8,96.99,4.8,199,353,SF,20,17.8,1.7,4.7,0.353,0.6,2.0,0.292,1.1,2.7,0.3979999999999999,0.415,0.5,0.7,0.679,0.5,2.0,2.5,1.4,0.7,0.3,0.9,1.6,4.4,DET,77,17.8,-2.34,-0.04,-2.38,0.63,4.8,96.99,35,2.97,10.0,0.0,19.0
DeAndre Liggins,DAL,29,62,40,22,12.5,108.2,105.4,2.8,9.7,1.29,21.1,2.9,12.4,7.8,16.4,44.7,47.6,11.6,97.12,4.6,225,428,SG,28,12.5,0.9,2.3,0.387,0.3,0.7,0.37,0.6,1.5,0.396,0.447,0.4,0.6,0.625,0.3,1.4,1.7,0.9,0.8,0.2,0.7,1.3,2.5,CLE/DAL,62,12.5,-3.13,0.76,-2.37,0.37,4.6,97.12,40,1.58,150.5,2.0,2.0
Kyle Singler,OKC,29,32,15,17,12.0,102.0,101.2,0.8,3.4,0.82,8.1,2.2,12.3,7.0,10.0,45.2,48.6,11.3,99.19,4.6,221,415,SF,28,12.0,1.1,2.6,0.41,0.2,1.2,0.1889999999999999,0.8,1.4,0.5870000000000001,0.452,0.4,0.5,0.765,0.3,1.3,1.5,0.3,0.2,0.2,0.3,0.9,2.8,OKC,32,12.0,-3.25,0.9,-2.35,0.19,4.6,99.19,15,4.84,354.0,9.0,6.0
Paul Pierce,LAC,39,25,16,9,11.1,107.4,105.0,2.4,4.9,0.63,9.8,0.4,16.8,9.2,15.7,50.7,53.5,14.9,97.71,4.4,216,396,SF,39,11.1,1.1,2.8,0.4,0.6,1.7,0.349,0.5,1.1,0.481,0.507,0.4,0.5,0.769,0.0,1.9,1.9,0.4,0.2,0.2,0.6,1.6,3.2,LAC,25,11.1,-2.04,1.24,-0.8,0.4,4.4,97.71,16,3.53,1671.0,346.5,142.0
Brandon Rush,MIN,31,47,15,32,21.9,108.9,109.8,-0.8,5.8,1.61,16.8,1.9,8.9,5.5,10.5,49.2,50.5,9.7,96.76,4.3,202,363,SG,31,21.9,1.5,4.0,0.374,0.9,2.4,0.386,0.6,1.6,0.356,0.492,0.3,0.4,0.722,0.3,1.8,2.1,1.0,0.5,0.5,0.6,0.9,4.2,MIN,47,21.9,-3.13,-0.73,-3.86,-0.48,4.3,96.76,15,3.5,412.5,14.0,1.5
Cameron Payne,CHI,22,31,16,15,14.9,95.9,104.6,-8.7,19.5,1.9,19.6,0.7,11.1,5.7,10.3,40.2,40.7,21.5,98.86,4.1,184,319,PG,22,14.9,2.1,6.2,0.332,0.9,2.8,0.314,1.2,3.5,0.346,0.402,0.2,0.3,0.625,0.1,1.5,1.5,1.8,0.5,0.1,0.9,1.7,5.2,CHI/OKC,31,14.9,-4.14,-0.31,-4.45,-0.39,4.1,98.86,16,2.11,324.5,38.5,21.0
Miles Plumlee,CHA,28,45,19,26,10.8,101.1,107.0,-5.9,6.5,0.7,13.1,9.3,12.7,11.1,18.7,47.8,51.8,13.1,95.64,4.0,226,431,C,28,10.8,1.0,2.0,0.478,0.0,0.0,,1.0,2.0,0.478,0.478,0.6,0.9,0.6409999999999999,0.8,1.3,2.1,0.5,0.4,0.3,0.7,1.6,2.5,MIL/CHA,45,10.8,-2.79,0.52,-2.27,0.25,4.0,95.64,19,12.5,362.0,11.0,3.0
Dragan Bender,PHX,19,43,13,30,13.3,105.0,107.0,-2.0,5.7,0.72,10.4,4.3,15.5,9.8,14.5,44.1,44.0,14.8,100.06,3.3,213,386,PF,19,13.3,1.3,3.7,0.354,0.7,2.3,0.2769999999999999,0.7,1.4,0.483,0.441,0.1,0.3,0.364,0.5,1.9,2.4,0.5,0.2,0.5,0.7,1.7,3.4,PHX,43,13.3,-3.2,-0.68,-3.88,-0.28,3.3,100.06,13,4.28,495.0,,
Andrew Nicholson,BKN,27,38,20,18,9.0,96.0,113.6,-17.6,4.7,0.59,6.9,5.0,15.6,10.2,11.8,41.0,42.7,17.8,97.45,3.1,224,425,PF,27,9.0,1.1,2.9,0.387,0.1,0.7,0.185,1.0,2.2,0.452,0.41,0.2,0.4,0.643,0.4,1.2,1.6,0.3,0.4,0.2,0.4,1.4,2.6,BKN/WSH,38,9.0,-3.54,-0.67,-4.21,-0.23,3.1,97.45,20,6.09,3.0,5.0,5.0
Jared Sullinger,TOR,25,11,2,9,10.7,89.7,105.6,-15.8,4.8,0.75,5.2,7.9,18.5,12.3,7.0,35.1,36.6,20.4,96.58,2.7,214,389,PF,24,10.7,1.4,4.3,0.319,0.3,1.6,0.1669999999999999,1.1,2.6,0.414,0.351,0.4,0.7,0.5,0.9,1.5,2.5,0.3,0.4,0.1,0.4,1.5,3.4,TOR,11,10.7,-2.7,0.9,-1.8,0.1,2.7,96.58,2,5.63,368.5,11.0,2.0
Greivis Vasquez,BKN,30,3,1,2,12.9,95.9,114.6,-18.7,18.5,5.0,32.6,0.0,5.1,2.4,6.5,31.3,37.6,11.0,102.41,0.9,228,435,PG,30,13.0,0.7,2.7,0.25,0.3,1.0,0.3329999999999999,0.3,1.7,0.2,0.313,0.7,1.0,0.667,0.0,0.7,0.7,1.7,0.3,0.3,0.3,2.0,2.3,BKN,3,13.0,-1.77,-0.38,-2.15,0.03,0.9,102.41,1,4.35,39.0,10.0,8.5
Alonzo Gee,DEN,30,13,4,9,6.9,107.8,106.3,1.4,9.2,1.5,21.5,4.6,13.6,8.9,14.3,21.4,30.6,10.8,104.33,0.8,238,475,SF,29,6.8,0.2,1.1,0.214,0.0,0.2,0.0,0.2,0.8,0.273,0.214,0.4,0.7,0.556,0.3,0.8,1.2,0.5,0.4,0.1,0.3,1.1,0.8,DEN,13,6.8,-2.11,0.43,-1.68,0.08,0.8,104.33,4,0.06,109.0,,
Lamar Patterson,ATL,25,5,1,4,8.1,100.2,83.4,16.8,25.0,1.5,22.8,2.7,13.3,8.5,15.2,23.3,27.6,23.4,93.96,-0.4,232,452,SG,25,8.0,0.6,3.0,0.2,0.2,1.2,0.1669999999999999,0.4,1.8,0.222,0.233,0.4,0.6,0.667,0.2,1.2,1.4,1.2,0.2,0.0,0.8,1.2,1.8,ATL,5,8.0,-2.23,0.62,-1.61,0.03,-0.4,93.96,1,0.25,82.0,4.0,4.0
